Queue.java,br.ufmg.aserg.victorveloso.queue.Queue,org.pitest.mutationtest.engine.gregor.mutators.ArgumentPropagationMutator,<init>,15,SURVIVED,none
Queue.java,br.ufmg.aserg.victorveloso.queue.Queue,org.pitest.mutationtest.engine.gregor.mutators.ArgumentPropagationMutator,<init>,18,KILLED,br.ufmg.aserg.victorveloso.queue.IntQueueTest.[engine:junit-jupiter]/[class:br.ufmg.aserg.victorveloso.queue.IntQueueTest]/[method:testSize()]
Queue.java,br.ufmg.aserg.victorveloso.queue.Queue,org.pitest.mutationtest.engine.gregor.mutators.InlineConstantMutator,<init>,16,KILLED,br.ufmg.aserg.victorveloso.queue.IntQueueTest.[engine:junit-jupiter]/[class:br.ufmg.aserg.victorveloso.queue.IntQueueTest]/[method:testSize()]
Queue.java,br.ufmg.aserg.victorveloso.queue.Queue,org.pitest.mutationtest.engine.gregor.mutators.InlineConstantMutator,<init>,18,KILLED,br.ufmg.aserg.victorveloso.queue.IntQueueTest.[engine:junit-jupiter]/[class:br.ufmg.aserg.victorveloso.queue.IntQueueTest]/[method:testSize()]
Queue.java,br.ufmg.aserg.victorveloso.queue.Queue,org.pitest.mutationtest.engine.gregor.mutators.MathMutator,<init>,18,KILLED,br.ufmg.aserg.victorveloso.queue.IntQueueTest.[engine:junit-jupiter]/[class:br.ufmg.aserg.victorveloso.queue.IntQueueTest]/[method:testSize()]
Queue.java,br.ufmg.aserg.victorveloso.queue.Queue,org.pitest.mutationtest.engine.gregor.mutators.NonVoidMethodCallMutator,<init>,15,SURVIVED,none
Queue.java,br.ufmg.aserg.victorveloso.queue.Queue,org.pitest.mutationtest.engine.gregor.mutators.NonVoidMethodCallMutator,<init>,18,KILLED,br.ufmg.aserg.victorveloso.queue.IntQueueTest.[engine:junit-jupiter]/[class:br.ufmg.aserg.victorveloso.queue.IntQueueTest]/[method:testSize()]
Queue.java,br.ufmg.aserg.victorveloso.queue.Queue,org.pitest.mutationtest.engine.gregor.mutators.experimental.MemberVariableMutator,<init>,15,SURVIVED,none
Queue.java,br.ufmg.aserg.victorveloso.queue.Queue,org.pitest.mutationtest.engine.gregor.mutators.experimental.MemberVariableMutator,<init>,16,SURVIVED,none
Queue.java,br.ufmg.aserg.victorveloso.queue.Queue,org.pitest.mutationtest.engine.gregor.mutators.experimental.MemberVariableMutator,<init>,17,KILLED,br.ufmg.aserg.victorveloso.queue.IntQueueTest.[engine:junit-jupiter]/[class:br.ufmg.aserg.victorveloso.queue.IntQueueTest]/[method:testSize()]
Queue.java,br.ufmg.aserg.victorveloso.queue.Queue,org.pitest.mutationtest.engine.gregor.mutators.experimental.MemberVariableMutator,<init>,18,SURVIVED,none
Queue.java,br.ufmg.aserg.victorveloso.queue.Queue,org.pitest.mutationtest.engine.gregor.mutators.rv.AOD1Mutator,<init>,18,KILLED,br.ufmg.aserg.victorveloso.queue.IntQueueTest.[engine:junit-jupiter]/[class:br.ufmg.aserg.victorveloso.queue.IntQueueTest]/[method:testSize()]
Queue.java,br.ufmg.aserg.victorveloso.queue.Queue,org.pitest.mutationtest.engine.gregor.mutators.rv.AOD2Mutator,<init>,18,KILLED,br.ufmg.aserg.victorveloso.queue.IntQueueTest.[engine:junit-jupiter]/[class:br.ufmg.aserg.victorveloso.queue.IntQueueTest]/[method:testSize()]
Queue.java,br.ufmg.aserg.victorveloso.queue.Queue,org.pitest.mutationtest.engine.gregor.mutators.rv.AOR1Mutator,<init>,18,KILLED,br.ufmg.aserg.victorveloso.queue.IntQueueTest.[engine:junit-jupiter]/[class:br.ufmg.aserg.victorveloso.queue.IntQueueTest]/[method:testSize()]
Queue.java,br.ufmg.aserg.victorveloso.queue.Queue,org.pitest.mutationtest.engine.gregor.mutators.rv.AOR2Mutator,<init>,18,KILLED,br.ufmg.aserg.victorveloso.queue.IntQueueTest.[engine:junit-jupiter]/[class:br.ufmg.aserg.victorveloso.queue.IntQueueTest]/[method:testSize()]
Queue.java,br.ufmg.aserg.victorveloso.queue.Queue,org.pitest.mutationtest.engine.gregor.mutators.rv.AOR3Mutator,<init>,18,KILLED,br.ufmg.aserg.victorveloso.queue.IntQueueTest.[engine:junit-jupiter]/[class:br.ufmg.aserg.victorveloso.queue.IntQueueTest]/[method:testSize()]
Queue.java,br.ufmg.aserg.victorveloso.queue.Queue,org.pitest.mutationtest.engine.gregor.mutators.rv.AOR4Mutator,<init>,18,KILLED,br.ufmg.aserg.victorveloso.queue.IntQueueTest.[engine:junit-jupiter]/[class:br.ufmg.aserg.victorveloso.queue.IntQueueTest]/[method:testSize()]
Queue.java,br.ufmg.aserg.victorveloso.queue.Queue,org.pitest.mutationtest.engine.gregor.mutators.rv.CRCR1Mutator,<init>,16,KILLED,br.ufmg.aserg.victorveloso.queue.IntQueueTest.[engine:junit-jupiter]/[class:br.ufmg.aserg.victorveloso.queue.IntQueueTest]/[method:testSize()]
Queue.java,br.ufmg.aserg.victorveloso.queue.Queue,org.pitest.mutationtest.engine.gregor.mutators.rv.CRCR2Mutator,<init>,18,KILLED,br.ufmg.aserg.victorveloso.queue.IntQueueTest.[engine:junit-jupiter]/[class:br.ufmg.aserg.victorveloso.queue.IntQueueTest]/[method:testSize()]
Queue.java,br.ufmg.aserg.victorveloso.queue.Queue,org.pitest.mutationtest.engine.gregor.mutators.rv.CRCR3Mutator,<init>,16,KILLED,br.ufmg.aserg.victorveloso.queue.IntQueueTest.[engine:junit-jupiter]/[class:br.ufmg.aserg.victorveloso.queue.IntQueueTest]/[method:testSize()]
Queue.java,br.ufmg.aserg.victorveloso.queue.Queue,org.pitest.mutationtest.engine.gregor.mutators.rv.CRCR3Mutator,<init>,18,KILLED,br.ufmg.aserg.victorveloso.queue.IntQueueTest.[engine:junit-jupiter]/[class:br.ufmg.aserg.victorveloso.queue.IntQueueTest]/[method:testSize()]
Queue.java,br.ufmg.aserg.victorveloso.queue.Queue,org.pitest.mutationtest.engine.gregor.mutators.rv.CRCR4Mutator,<init>,18,KILLED,br.ufmg.aserg.victorveloso.queue.IntQueueTest.[engine:junit-jupiter]/[class:br.ufmg.aserg.victorveloso.queue.IntQueueTest]/[method:testSize()]
Queue.java,br.ufmg.aserg.victorveloso.queue.Queue,org.pitest.mutationtest.engine.gregor.mutators.rv.CRCR5Mutator,<init>,16,KILLED,br.ufmg.aserg.victorveloso.queue.IntQueueTest.[engine:junit-jupiter]/[class:br.ufmg.aserg.victorveloso.queue.IntQueueTest]/[method:testSize()]
Queue.java,br.ufmg.aserg.victorveloso.queue.Queue,org.pitest.mutationtest.engine.gregor.mutators.rv.CRCR5Mutator,<init>,18,SURVIVED,none
Queue.java,br.ufmg.aserg.victorveloso.queue.Queue,org.pitest.mutationtest.engine.gregor.mutators.rv.CRCR6Mutator,<init>,16,KILLED,br.ufmg.aserg.victorveloso.queue.IntQueueTest.[engine:junit-jupiter]/[class:br.ufmg.aserg.victorveloso.queue.IntQueueTest]/[method:testSize()]
Queue.java,br.ufmg.aserg.victorveloso.queue.Queue,org.pitest.mutationtest.engine.gregor.mutators.rv.CRCR6Mutator,<init>,18,KILLED,br.ufmg.aserg.victorveloso.queue.IntQueueTest.[engine:junit-jupiter]/[class:br.ufmg.aserg.victorveloso.queue.IntQueueTest]/[method:testSize()]
Queue.java,br.ufmg.aserg.victorveloso.queue.Queue,org.pitest.mutationtest.engine.gregor.mutators.ArgumentPropagationMutator,addTailNode,187,SURVIVED,none
Queue.java,br.ufmg.aserg.victorveloso.queue.Queue,org.pitest.mutationtest.engine.gregor.mutators.InlineConstantMutator,addTailNode,187,SURVIVED,none
Queue.java,br.ufmg.aserg.victorveloso.queue.Queue,org.pitest.mutationtest.engine.gregor.mutators.MathMutator,addTailNode,187,SURVIVED,none
Queue.java,br.ufmg.aserg.victorveloso.queue.Queue,org.pitest.mutationtest.engine.gregor.mutators.NonVoidMethodCallMutator,addTailNode,187,SURVIVED,none
Queue.java,br.ufmg.aserg.victorveloso.queue.Queue,org.pitest.mutationtest.engine.gregor.mutators.NullReturnValsMutator,addTailNode,187,SURVIVED,none
Queue.java,br.ufmg.aserg.victorveloso.queue.Queue,org.pitest.mutationtest.engine.gregor.mutators.ReturnValsMutator,addTailNode,187,SURVIVED,none
Queue.java,br.ufmg.aserg.victorveloso.queue.Queue,org.pitest.mutationtest.engine.gregor.mutators.rv.AOD1Mutator,addTailNode,187,SURVIVED,none
Queue.java,br.ufmg.aserg.victorveloso.queue.Queue,org.pitest.mutationtest.engine.gregor.mutators.rv.AOD2Mutator,addTailNode,187,SURVIVED,none
Queue.java,br.ufmg.aserg.victorveloso.queue.Queue,org.pitest.mutationtest.engine.gregor.mutators.rv.AOR1Mutator,addTailNode,187,SURVIVED,none
Queue.java,br.ufmg.aserg.victorveloso.queue.Queue,org.pitest.mutationtest.engine.gregor.mutators.rv.AOR2Mutator,addTailNode,187,SURVIVED,none
Queue.java,br.ufmg.aserg.victorveloso.queue.Queue,org.pitest.mutationtest.engine.gregor.mutators.rv.AOR3Mutator,addTailNode,187,SURVIVED,none
Queue.java,br.ufmg.aserg.victorveloso.queue.Queue,org.pitest.mutationtest.engine.gregor.mutators.rv.AOR4Mutator,addTailNode,187,SURVIVED,none
Queue.java,br.ufmg.aserg.victorveloso.queue.Queue,org.pitest.mutationtest.engine.gregor.mutators.rv.CRCR2Mutator,addTailNode,187,SURVIVED,none
Queue.java,br.ufmg.aserg.victorveloso.queue.Queue,org.pitest.mutationtest.engine.gregor.mutators.rv.CRCR3Mutator,addTailNode,187,SURVIVED,none
Queue.java,br.ufmg.aserg.victorveloso.queue.Queue,org.pitest.mutationtest.engine.gregor.mutators.rv.CRCR4Mutator,addTailNode,187,SURVIVED,none
Queue.java,br.ufmg.aserg.victorveloso.queue.Queue,org.pitest.mutationtest.engine.gregor.mutators.rv.CRCR5Mutator,addTailNode,187,SURVIVED,none
Queue.java,br.ufmg.aserg.victorveloso.queue.Queue,org.pitest.mutationtest.engine.gregor.mutators.rv.CRCR6Mutator,addTailNode,187,SURVIVED,none
Queue.java,br.ufmg.aserg.victorveloso.queue.Queue,org.pitest.mutationtest.engine.gregor.mutators.InlineConstantMutator,capacity,34,NO_COVERAGE,none
Queue.java,br.ufmg.aserg.victorveloso.queue.Queue,org.pitest.mutationtest.engine.gregor.mutators.MathMutator,capacity,34,NO_COVERAGE,none
Queue.java,br.ufmg.aserg.victorveloso.queue.Queue,org.pitest.mutationtest.engine.gregor.mutators.PrimitiveReturnsMutator,capacity,34,NO_COVERAGE,none
Queue.java,br.ufmg.aserg.victorveloso.queue.Queue,org.pitest.mutationtest.engine.gregor.mutators.ReturnValsMutator,capacity,34,NO_COVERAGE,none
Queue.java,br.ufmg.aserg.victorveloso.queue.Queue,org.pitest.mutationtest.engine.gregor.mutators.rv.AOD1Mutator,capacity,34,NO_COVERAGE,none
Queue.java,br.ufmg.aserg.victorveloso.queue.Queue,org.pitest.mutationtest.engine.gregor.mutators.rv.AOD2Mutator,capacity,34,NO_COVERAGE,none
Queue.java,br.ufmg.aserg.victorveloso.queue.Queue,org.pitest.mutationtest.engine.gregor.mutators.rv.AOR1Mutator,capacity,34,NO_COVERAGE,none
Queue.java,br.ufmg.aserg.victorveloso.queue.Queue,org.pitest.mutationtest.engine.gregor.mutators.rv.AOR2Mutator,capacity,34,NO_COVERAGE,none
Queue.java,br.ufmg.aserg.victorveloso.queue.Queue,org.pitest.mutationtest.engine.gregor.mutators.rv.AOR3Mutator,capacity,34,NO_COVERAGE,none
Queue.java,br.ufmg.aserg.victorveloso.queue.Queue,org.pitest.mutationtest.engine.gregor.mutators.rv.AOR4Mutator,capacity,34,NO_COVERAGE,none
Queue.java,br.ufmg.aserg.victorveloso.queue.Queue,org.pitest.mutationtest.engine.gregor.mutators.rv.CRCR2Mutator,capacity,34,NO_COVERAGE,none
Queue.java,br.ufmg.aserg.victorveloso.queue.Queue,org.pitest.mutationtest.engine.gregor.mutators.rv.CRCR3Mutator,capacity,34,NO_COVERAGE,none
Queue.java,br.ufmg.aserg.victorveloso.queue.Queue,org.pitest.mutationtest.engine.gregor.mutators.rv.CRCR4Mutator,capacity,34,NO_COVERAGE,none
Queue.java,br.ufmg.aserg.victorveloso.queue.Queue,org.pitest.mutationtest.engine.gregor.mutators.rv.CRCR5Mutator,capacity,34,NO_COVERAGE,none
Queue.java,br.ufmg.aserg.victorveloso.queue.Queue,org.pitest.mutationtest.engine.gregor.mutators.rv.CRCR6Mutator,capacity,34,NO_COVERAGE,none
Queue.java,br.ufmg.aserg.victorveloso.queue.Queue,org.pitest.mutationtest.engine.gregor.mutators.ArgumentPropagationMutator,contains,59,NO_COVERAGE,none
Queue.java,br.ufmg.aserg.victorveloso.queue.Queue,org.pitest.mutationtest.engine.gregor.mutators.BooleanFalseReturnValsMutator,contains,61,NO_COVERAGE,none
Queue.java,br.ufmg.aserg.victorveloso.queue.Queue,org.pitest.mutationtest.engine.gregor.mutators.BooleanTrueReturnValsMutator,contains,64,NO_COVERAGE,none
Queue.java,br.ufmg.aserg.victorveloso.queue.Queue,org.pitest.mutationtest.engine.gregor.mutators.InlineConstantMutator,contains,61,NO_COVERAGE,none
Queue.java,br.ufmg.aserg.victorveloso.queue.Queue,org.pitest.mutationtest.engine.gregor.mutators.InlineConstantMutator,contains,64,NO_COVERAGE,none
Queue.java,br.ufmg.aserg.victorveloso.queue.Queue,org.pitest.mutationtest.engine.gregor.mutators.NegateConditionalsMutator,contains,59,NO_COVERAGE,none
Queue.java,br.ufmg.aserg.victorveloso.queue.Queue,org.pitest.mutationtest.engine.gregor.mutators.NegateConditionalsMutator,contains,60,NO_COVERAGE,none
Queue.java,br.ufmg.aserg.victorveloso.queue.Queue,org.pitest.mutationtest.engine.gregor.mutators.NonVoidMethodCallMutator,contains,60,NO_COVERAGE,none
Queue.java,br.ufmg.aserg.victorveloso.queue.Queue,org.pitest.mutationtest.engine.gregor.mutators.NonVoidMethodCallMutator,contains,59,NO_COVERAGE,none
Queue.java,br.ufmg.aserg.victorveloso.queue.Queue,org.pitest.mutationtest.engine.gregor.mutators.RemoveConditionalMutator_EQUAL_ELSE,contains,59,NO_COVERAGE,none
Queue.java,br.ufmg.aserg.victorveloso.queue.Queue,org.pitest.mutationtest.engine.gregor.mutators.RemoveConditionalMutator_EQUAL_ELSE,contains,60,NO_COVERAGE,none
Queue.java,br.ufmg.aserg.victorveloso.queue.Queue,org.pitest.mutationtest.engine.gregor.mutators.RemoveConditionalMutator_EQUAL_IF,contains,59,NO_COVERAGE,none
Queue.java,br.ufmg.aserg.victorveloso.queue.Queue,org.pitest.mutationtest.engine.gregor.mutators.RemoveConditionalMutator_EQUAL_IF,contains,60,NO_COVERAGE,none
Queue.java,br.ufmg.aserg.victorveloso.queue.Queue,org.pitest.mutationtest.engine.gregor.mutators.ReturnValsMutator,contains,61,NO_COVERAGE,none
Queue.java,br.ufmg.aserg.victorveloso.queue.Queue,org.pitest.mutationtest.engine.gregor.mutators.ReturnValsMutator,contains,64,NO_COVERAGE,none
Queue.java,br.ufmg.aserg.victorveloso.queue.Queue,org.pitest.mutationtest.engine.gregor.mutators.rv.ABSMutator,contains,59,NO_COVERAGE,none
Queue.java,br.ufmg.aserg.victorveloso.queue.Queue,org.pitest.mutationtest.engine.gregor.mutators.rv.ABSMutator,contains,59,NO_COVERAGE,none
Queue.java,br.ufmg.aserg.victorveloso.queue.Queue,org.pitest.mutationtest.engine.gregor.mutators.rv.ABSMutator,contains,59,NO_COVERAGE,none
Queue.java,br.ufmg.aserg.victorveloso.queue.Queue,org.pitest.mutationtest.engine.gregor.mutators.rv.ABSMutator,contains,60,NO_COVERAGE,none
Queue.java,br.ufmg.aserg.victorveloso.queue.Queue,org.pitest.mutationtest.engine.gregor.mutators.rv.ABSMutator,contains,59,NO_COVERAGE,none
Queue.java,br.ufmg.aserg.victorveloso.queue.Queue,org.pitest.mutationtest.engine.gregor.mutators.rv.CRCR1Mutator,contains,64,NO_COVERAGE,none
Queue.java,br.ufmg.aserg.victorveloso.queue.Queue,org.pitest.mutationtest.engine.gregor.mutators.rv.CRCR2Mutator,contains,61,NO_COVERAGE,none
Queue.java,br.ufmg.aserg.victorveloso.queue.Queue,org.pitest.mutationtest.engine.gregor.mutators.rv.CRCR3Mutator,contains,61,NO_COVERAGE,none
Queue.java,br.ufmg.aserg.victorveloso.queue.Queue,org.pitest.mutationtest.engine.gregor.mutators.rv.CRCR3Mutator,contains,64,NO_COVERAGE,none
Queue.java,br.ufmg.aserg.victorveloso.queue.Queue,org.pitest.mutationtest.engine.gregor.mutators.rv.CRCR4Mutator,contains,61,NO_COVERAGE,none
Queue.java,br.ufmg.aserg.victorveloso.queue.Queue,org.pitest.mutationtest.engine.gregor.mutators.rv.CRCR5Mutator,contains,61,NO_COVERAGE,none
Queue.java,br.ufmg.aserg.victorveloso.queue.Queue,org.pitest.mutationtest.engine.gregor.mutators.rv.CRCR5Mutator,contains,64,NO_COVERAGE,none
Queue.java,br.ufmg.aserg.victorveloso.queue.Queue,org.pitest.mutationtest.engine.gregor.mutators.rv.CRCR6Mutator,contains,61,NO_COVERAGE,none
Queue.java,br.ufmg.aserg.victorveloso.queue.Queue,org.pitest.mutationtest.engine.gregor.mutators.rv.CRCR6Mutator,contains,64,NO_COVERAGE,none
Queue.java,br.ufmg.aserg.victorveloso.queue.Queue,org.pitest.mutationtest.engine.gregor.mutators.rv.ROR1Mutator,contains,59,NO_COVERAGE,none
Queue.java,br.ufmg.aserg.victorveloso.queue.Queue,org.pitest.mutationtest.engine.gregor.mutators.rv.ROR1Mutator,contains,60,NO_COVERAGE,none
Queue.java,br.ufmg.aserg.victorveloso.queue.Queue,org.pitest.mutationtest.engine.gregor.mutators.rv.ROR2Mutator,contains,59,NO_COVERAGE,none
Queue.java,br.ufmg.aserg.victorveloso.queue.Queue,org.pitest.mutationtest.engine.gregor.mutators.rv.ROR2Mutator,contains,60,NO_COVERAGE,none
Queue.java,br.ufmg.aserg.victorveloso.queue.Queue,org.pitest.mutationtest.engine.gregor.mutators.rv.ROR3Mutator,contains,59,NO_COVERAGE,none
Queue.java,br.ufmg.aserg.victorveloso.queue.Queue,org.pitest.mutationtest.engine.gregor.mutators.rv.ROR3Mutator,contains,60,NO_COVERAGE,none
Queue.java,br.ufmg.aserg.victorveloso.queue.Queue,org.pitest.mutationtest.engine.gregor.mutators.rv.ROR4Mutator,contains,59,NO_COVERAGE,none
Queue.java,br.ufmg.aserg.victorveloso.queue.Queue,org.pitest.mutationtest.engine.gregor.mutators.rv.ROR4Mutator,contains,60,NO_COVERAGE,none
Queue.java,br.ufmg.aserg.victorveloso.queue.Queue,org.pitest.mutationtest.engine.gregor.mutators.rv.ROR5Mutator,contains,59,NO_COVERAGE,none
Queue.java,br.ufmg.aserg.victorveloso.queue.Queue,org.pitest.mutationtest.engine.gregor.mutators.rv.ROR5Mutator,contains,60,NO_COVERAGE,none
Queue.java,br.ufmg.aserg.victorveloso.queue.Queue,org.pitest.mutationtest.engine.gregor.mutators.rv.UOI1Mutator,contains,59,NO_COVERAGE,none
Queue.java,br.ufmg.aserg.victorveloso.queue.Queue,org.pitest.mutationtest.engine.gregor.mutators.rv.UOI1Mutator,contains,59,NO_COVERAGE,none
Queue.java,br.ufmg.aserg.victorveloso.queue.Queue,org.pitest.mutationtest.engine.gregor.mutators.rv.UOI1Mutator,contains,59,NO_COVERAGE,none
Queue.java,br.ufmg.aserg.victorveloso.queue.Queue,org.pitest.mutationtest.engine.gregor.mutators.rv.UOI1Mutator,contains,60,NO_COVERAGE,none
Queue.java,br.ufmg.aserg.victorveloso.queue.Queue,org.pitest.mutationtest.engine.gregor.mutators.rv.UOI1Mutator,contains,59,NO_COVERAGE,none
Queue.java,br.ufmg.aserg.victorveloso.queue.Queue,org.pitest.mutationtest.engine.gregor.mutators.rv.UOI2Mutator,contains,59,NO_COVERAGE,none
Queue.java,br.ufmg.aserg.victorveloso.queue.Queue,org.pitest.mutationtest.engine.gregor.mutators.rv.UOI2Mutator,contains,59,NO_COVERAGE,none
Queue.java,br.ufmg.aserg.victorveloso.queue.Queue,org.pitest.mutationtest.engine.gregor.mutators.rv.UOI2Mutator,contains,59,NO_COVERAGE,none
Queue.java,br.ufmg.aserg.victorveloso.queue.Queue,org.pitest.mutationtest.engine.gregor.mutators.rv.UOI2Mutator,contains,60,NO_COVERAGE,none
Queue.java,br.ufmg.aserg.victorveloso.queue.Queue,org.pitest.mutationtest.engine.gregor.mutators.rv.UOI2Mutator,contains,59,NO_COVERAGE,none
Queue.java,br.ufmg.aserg.victorveloso.queue.Queue,org.pitest.mutationtest.engine.gregor.mutators.rv.UOI3Mutator,contains,59,NO_COVERAGE,none
Queue.java,br.ufmg.aserg.victorveloso.queue.Queue,org.pitest.mutationtest.engine.gregor.mutators.rv.UOI3Mutator,contains,59,NO_COVERAGE,none
Queue.java,br.ufmg.aserg.victorveloso.queue.Queue,org.pitest.mutationtest.engine.gregor.mutators.rv.UOI3Mutator,contains,59,NO_COVERAGE,none
Queue.java,br.ufmg.aserg.victorveloso.queue.Queue,org.pitest.mutationtest.engine.gregor.mutators.rv.UOI3Mutator,contains,60,NO_COVERAGE,none
Queue.java,br.ufmg.aserg.victorveloso.queue.Queue,org.pitest.mutationtest.engine.gregor.mutators.rv.UOI3Mutator,contains,59,NO_COVERAGE,none
Queue.java,br.ufmg.aserg.victorveloso.queue.Queue,org.pitest.mutationtest.engine.gregor.mutators.rv.UOI4Mutator,contains,59,NO_COVERAGE,none
Queue.java,br.ufmg.aserg.victorveloso.queue.Queue,org.pitest.mutationtest.engine.gregor.mutators.rv.UOI4Mutator,contains,59,NO_COVERAGE,none
Queue.java,br.ufmg.aserg.victorveloso.queue.Queue,org.pitest.mutationtest.engine.gregor.mutators.rv.UOI4Mutator,contains,59,NO_COVERAGE,none
Queue.java,br.ufmg.aserg.victorveloso.queue.Queue,org.pitest.mutationtest.engine.gregor.mutators.rv.UOI4Mutator,contains,60,NO_COVERAGE,none
Queue.java,br.ufmg.aserg.victorveloso.queue.Queue,org.pitest.mutationtest.engine.gregor.mutators.rv.UOI4Mutator,contains,59,NO_COVERAGE,none
Queue.java,br.ufmg.aserg.victorveloso.queue.Queue,org.pitest.mutationtest.engine.gregor.mutators.ArgumentPropagationMutator,dequeue,88,NO_COVERAGE,none
Queue.java,br.ufmg.aserg.victorveloso.queue.Queue,org.pitest.mutationtest.engine.gregor.mutators.ConstructorCallMutator,dequeue,85,NO_COVERAGE,none
Queue.java,br.ufmg.aserg.victorveloso.queue.Queue,org.pitest.mutationtest.engine.gregor.mutators.NegateConditionalsMutator,dequeue,84,NO_COVERAGE,none
Queue.java,br.ufmg.aserg.victorveloso.queue.Queue,org.pitest.mutationtest.engine.gregor.mutators.NonVoidMethodCallMutator,dequeue,84,NO_COVERAGE,none
Queue.java,br.ufmg.aserg.victorveloso.queue.Queue,org.pitest.mutationtest.engine.gregor.mutators.NonVoidMethodCallMutator,dequeue,88,NO_COVERAGE,none
Queue.java,br.ufmg.aserg.victorveloso.queue.Queue,org.pitest.mutationtest.engine.gregor.mutators.NullReturnValsMutator,dequeue,89,NO_COVERAGE,none
Queue.java,br.ufmg.aserg.victorveloso.queue.Queue,org.pitest.mutationtest.engine.gregor.mutators.RemoveConditionalMutator_EQUAL_ELSE,dequeue,84,NO_COVERAGE,none
Queue.java,br.ufmg.aserg.victorveloso.queue.Queue,org.pitest.mutationtest.engine.gregor.mutators.RemoveConditionalMutator_EQUAL_IF,dequeue,84,NO_COVERAGE,none
Queue.java,br.ufmg.aserg.victorveloso.queue.Queue,org.pitest.mutationtest.engine.gregor.mutators.ReturnValsMutator,dequeue,89,NO_COVERAGE,none
Queue.java,br.ufmg.aserg.victorveloso.queue.Queue,org.pitest.mutationtest.engine.gregor.mutators.experimental.MemberVariableMutator,dequeue,88,NO_COVERAGE,none
Queue.java,br.ufmg.aserg.victorveloso.queue.Queue,org.pitest.mutationtest.engine.gregor.mutators.rv.ABSMutator,dequeue,87,NO_COVERAGE,none
Queue.java,br.ufmg.aserg.victorveloso.queue.Queue,org.pitest.mutationtest.engine.gregor.mutators.rv.ABSMutator,dequeue,88,NO_COVERAGE,none
Queue.java,br.ufmg.aserg.victorveloso.queue.Queue,org.pitest.mutationtest.engine.gregor.mutators.rv.ROR1Mutator,dequeue,84,NO_COVERAGE,none
Queue.java,br.ufmg.aserg.victorveloso.queue.Queue,org.pitest.mutationtest.engine.gregor.mutators.rv.ROR2Mutator,dequeue,84,NO_COVERAGE,none
Queue.java,br.ufmg.aserg.victorveloso.queue.Queue,org.pitest.mutationtest.engine.gregor.mutators.rv.ROR3Mutator,dequeue,84,NO_COVERAGE,none
Queue.java,br.ufmg.aserg.victorveloso.queue.Queue,org.pitest.mutationtest.engine.gregor.mutators.rv.ROR4Mutator,dequeue,84,NO_COVERAGE,none
Queue.java,br.ufmg.aserg.victorveloso.queue.Queue,org.pitest.mutationtest.engine.gregor.mutators.rv.ROR5Mutator,dequeue,84,NO_COVERAGE,none
Queue.java,br.ufmg.aserg.victorveloso.queue.Queue,org.pitest.mutationtest.engine.gregor.mutators.rv.UOI1Mutator,dequeue,87,NO_COVERAGE,none
Queue.java,br.ufmg.aserg.victorveloso.queue.Queue,org.pitest.mutationtest.engine.gregor.mutators.rv.UOI1Mutator,dequeue,88,NO_COVERAGE,none
Queue.java,br.ufmg.aserg.victorveloso.queue.Queue,org.pitest.mutationtest.engine.gregor.mutators.rv.UOI2Mutator,dequeue,87,NO_COVERAGE,none
Queue.java,br.ufmg.aserg.victorveloso.queue.Queue,org.pitest.mutationtest.engine.gregor.mutators.rv.UOI2Mutator,dequeue,88,NO_COVERAGE,none
Queue.java,br.ufmg.aserg.victorveloso.queue.Queue,org.pitest.mutationtest.engine.gregor.mutators.rv.UOI3Mutator,dequeue,87,NO_COVERAGE,none
Queue.java,br.ufmg.aserg.victorveloso.queue.Queue,org.pitest.mutationtest.engine.gregor.mutators.rv.UOI3Mutator,dequeue,88,NO_COVERAGE,none
Queue.java,br.ufmg.aserg.victorveloso.queue.Queue,org.pitest.mutationtest.engine.gregor.mutators.rv.UOI4Mutator,dequeue,87,NO_COVERAGE,none
Queue.java,br.ufmg.aserg.victorveloso.queue.Queue,org.pitest.mutationtest.engine.gregor.mutators.rv.UOI4Mutator,dequeue,88,NO_COVERAGE,none
Queue.java,br.ufmg.aserg.victorveloso.queue.Queue,org.pitest.mutationtest.engine.gregor.mutators.ArgumentPropagationMutator,dump,108,NO_COVERAGE,none
Queue.java,br.ufmg.aserg.victorveloso.queue.Queue,org.pitest.mutationtest.engine.gregor.mutators.ConditionalsBoundaryMutator,dump,109,NO_COVERAGE,none
Queue.java,br.ufmg.aserg.victorveloso.queue.Queue,org.pitest.mutationtest.engine.gregor.mutators.InlineConstantMutator,dump,109,NO_COVERAGE,none
Queue.java,br.ufmg.aserg.victorveloso.queue.Queue,org.pitest.mutationtest.engine.gregor.mutators.NegateConditionalsMutator,dump,109,NO_COVERAGE,none
Queue.java,br.ufmg.aserg.victorveloso.queue.Queue,org.pitest.mutationtest.engine.gregor.mutators.NonVoidMethodCallMutator,dump,108,NO_COVERAGE,none
Queue.java,br.ufmg.aserg.victorveloso.queue.Queue,org.pitest.mutationtest.engine.gregor.mutators.NonVoidMethodCallMutator,dump,108,NO_COVERAGE,none
Queue.java,br.ufmg.aserg.victorveloso.queue.Queue,org.pitest.mutationtest.engine.gregor.mutators.NonVoidMethodCallMutator,dump,110,NO_COVERAGE,none
Queue.java,br.ufmg.aserg.victorveloso.queue.Queue,org.pitest.mutationtest.engine.gregor.mutators.NullReturnValsMutator,dump,112,NO_COVERAGE,none
Queue.java,br.ufmg.aserg.victorveloso.queue.Queue,org.pitest.mutationtest.engine.gregor.mutators.RemoveConditionalMutator_ORDER_ELSE,dump,109,NO_COVERAGE,none
Queue.java,br.ufmg.aserg.victorveloso.queue.Queue,org.pitest.mutationtest.engine.gregor.mutators.RemoveConditionalMutator_ORDER_IF,dump,109,NO_COVERAGE,none
Queue.java,br.ufmg.aserg.victorveloso.queue.Queue,org.pitest.mutationtest.engine.gregor.mutators.ReturnValsMutator,dump,112,NO_COVERAGE,none
Queue.java,br.ufmg.aserg.victorveloso.queue.Queue,org.pitest.mutationtest.engine.gregor.mutators.rv.ABSMutator,dump,109,NO_COVERAGE,none
Queue.java,br.ufmg.aserg.victorveloso.queue.Queue,org.pitest.mutationtest.engine.gregor.mutators.rv.ABSMutator,dump,110,NO_COVERAGE,none
Queue.java,br.ufmg.aserg.victorveloso.queue.Queue,org.pitest.mutationtest.engine.gregor.mutators.rv.CRCR1Mutator,dump,109,NO_COVERAGE,none
Queue.java,br.ufmg.aserg.victorveloso.queue.Queue,org.pitest.mutationtest.engine.gregor.mutators.rv.CRCR3Mutator,dump,109,NO_COVERAGE,none
Queue.java,br.ufmg.aserg.victorveloso.queue.Queue,org.pitest.mutationtest.engine.gregor.mutators.rv.CRCR5Mutator,dump,109,NO_COVERAGE,none
Queue.java,br.ufmg.aserg.victorveloso.queue.Queue,org.pitest.mutationtest.engine.gregor.mutators.rv.CRCR6Mutator,dump,109,NO_COVERAGE,none
Queue.java,br.ufmg.aserg.victorveloso.queue.Queue,org.pitest.mutationtest.engine.gregor.mutators.rv.ROR1Mutator,dump,109,NO_COVERAGE,none
Queue.java,br.ufmg.aserg.victorveloso.queue.Queue,org.pitest.mutationtest.engine.gregor.mutators.rv.ROR2Mutator,dump,109,NO_COVERAGE,none
Queue.java,br.ufmg.aserg.victorveloso.queue.Queue,org.pitest.mutationtest.engine.gregor.mutators.rv.ROR3Mutator,dump,109,NO_COVERAGE,none
Queue.java,br.ufmg.aserg.victorveloso.queue.Queue,org.pitest.mutationtest.engine.gregor.mutators.rv.ROR4Mutator,dump,109,NO_COVERAGE,none
Queue.java,br.ufmg.aserg.victorveloso.queue.Queue,org.pitest.mutationtest.engine.gregor.mutators.rv.ROR5Mutator,dump,109,NO_COVERAGE,none
Queue.java,br.ufmg.aserg.victorveloso.queue.Queue,org.pitest.mutationtest.engine.gregor.mutators.rv.UOI1Mutator,dump,109,NO_COVERAGE,none
Queue.java,br.ufmg.aserg.victorveloso.queue.Queue,org.pitest.mutationtest.engine.gregor.mutators.rv.UOI1Mutator,dump,110,NO_COVERAGE,none
Queue.java,br.ufmg.aserg.victorveloso.queue.Queue,org.pitest.mutationtest.engine.gregor.mutators.rv.UOI2Mutator,dump,109,NO_COVERAGE,none
Queue.java,br.ufmg.aserg.victorveloso.queue.Queue,org.pitest.mutationtest.engine.gregor.mutators.rv.UOI2Mutator,dump,110,NO_COVERAGE,none
Queue.java,br.ufmg.aserg.victorveloso.queue.Queue,org.pitest.mutationtest.engine.gregor.mutators.rv.UOI3Mutator,dump,109,NO_COVERAGE,none
Queue.java,br.ufmg.aserg.victorveloso.queue.Queue,org.pitest.mutationtest.engine.gregor.mutators.rv.UOI3Mutator,dump,110,NO_COVERAGE,none
Queue.java,br.ufmg.aserg.victorveloso.queue.Queue,org.pitest.mutationtest.engine.gregor.mutators.rv.UOI4Mutator,dump,109,NO_COVERAGE,none
Queue.java,br.ufmg.aserg.victorveloso.queue.Queue,org.pitest.mutationtest.engine.gregor.mutators.rv.UOI4Mutator,dump,110,NO_COVERAGE,none
Queue.java,br.ufmg.aserg.victorveloso.queue.Queue,org.pitest.mutationtest.engine.gregor.mutators.ArgumentPropagationMutator,enqueue,76,NO_COVERAGE,none
Queue.java,br.ufmg.aserg.victorveloso.queue.Queue,org.pitest.mutationtest.engine.gregor.mutators.ConstructorCallMutator,enqueue,73,NO_COVERAGE,none
Queue.java,br.ufmg.aserg.victorveloso.queue.Queue,org.pitest.mutationtest.engine.gregor.mutators.NegateConditionalsMutator,enqueue,72,NO_COVERAGE,none
Queue.java,br.ufmg.aserg.victorveloso.queue.Queue,org.pitest.mutationtest.engine.gregor.mutators.NonVoidMethodCallMutator,enqueue,72,NO_COVERAGE,none
Queue.java,br.ufmg.aserg.victorveloso.queue.Queue,org.pitest.mutationtest.engine.gregor.mutators.NonVoidMethodCallMutator,enqueue,76,NO_COVERAGE,none
Queue.java,br.ufmg.aserg.victorveloso.queue.Queue,org.pitest.mutationtest.engine.gregor.mutators.RemoveConditionalMutator_EQUAL_ELSE,enqueue,72,NO_COVERAGE,none
Queue.java,br.ufmg.aserg.victorveloso.queue.Queue,org.pitest.mutationtest.engine.gregor.mutators.RemoveConditionalMutator_EQUAL_IF,enqueue,72,NO_COVERAGE,none
Queue.java,br.ufmg.aserg.victorveloso.queue.Queue,org.pitest.mutationtest.engine.gregor.mutators.experimental.MemberVariableMutator,enqueue,76,NO_COVERAGE,none
Queue.java,br.ufmg.aserg.victorveloso.queue.Queue,org.pitest.mutationtest.engine.gregor.mutators.rv.ABSMutator,enqueue,75,NO_COVERAGE,none
Queue.java,br.ufmg.aserg.victorveloso.queue.Queue,org.pitest.mutationtest.engine.gregor.mutators.rv.ABSMutator,enqueue,76,NO_COVERAGE,none
Queue.java,br.ufmg.aserg.victorveloso.queue.Queue,org.pitest.mutationtest.engine.gregor.mutators.rv.ROR1Mutator,enqueue,72,NO_COVERAGE,none
Queue.java,br.ufmg.aserg.victorveloso.queue.Queue,org.pitest.mutationtest.engine.gregor.mutators.rv.ROR2Mutator,enqueue,72,NO_COVERAGE,none
Queue.java,br.ufmg.aserg.victorveloso.queue.Queue,org.pitest.mutationtest.engine.gregor.mutators.rv.ROR3Mutator,enqueue,72,NO_COVERAGE,none
Queue.java,br.ufmg.aserg.victorveloso.queue.Queue,org.pitest.mutationtest.engine.gregor.mutators.rv.ROR4Mutator,enqueue,72,NO_COVERAGE,none
Queue.java,br.ufmg.aserg.victorveloso.queue.Queue,org.pitest.mutationtest.engine.gregor.mutators.rv.ROR5Mutator,enqueue,72,NO_COVERAGE,none
Queue.java,br.ufmg.aserg.victorveloso.queue.Queue,org.pitest.mutationtest.engine.gregor.mutators.rv.UOI1Mutator,enqueue,75,NO_COVERAGE,none
Queue.java,br.ufmg.aserg.victorveloso.queue.Queue,org.pitest.mutationtest.engine.gregor.mutators.rv.UOI1Mutator,enqueue,76,NO_COVERAGE,none
Queue.java,br.ufmg.aserg.victorveloso.queue.Queue,org.pitest.mutationtest.engine.gregor.mutators.rv.UOI2Mutator,enqueue,75,NO_COVERAGE,none
Queue.java,br.ufmg.aserg.victorveloso.queue.Queue,org.pitest.mutationtest.engine.gregor.mutators.rv.UOI2Mutator,enqueue,76,NO_COVERAGE,none
Queue.java,br.ufmg.aserg.victorveloso.queue.Queue,org.pitest.mutationtest.engine.gregor.mutators.rv.UOI3Mutator,enqueue,75,NO_COVERAGE,none
Queue.java,br.ufmg.aserg.victorveloso.queue.Queue,org.pitest.mutationtest.engine.gregor.mutators.rv.UOI3Mutator,enqueue,76,NO_COVERAGE,none
Queue.java,br.ufmg.aserg.victorveloso.queue.Queue,org.pitest.mutationtest.engine.gregor.mutators.rv.UOI4Mutator,enqueue,75,NO_COVERAGE,none
Queue.java,br.ufmg.aserg.victorveloso.queue.Queue,org.pitest.mutationtest.engine.gregor.mutators.rv.UOI4Mutator,enqueue,76,NO_COVERAGE,none
Queue.java,br.ufmg.aserg.victorveloso.queue.Queue,org.pitest.mutationtest.engine.gregor.mutators.BooleanFalseReturnValsMutator,equals,117,NO_COVERAGE,none
Queue.java,br.ufmg.aserg.victorveloso.queue.Queue,org.pitest.mutationtest.engine.gregor.mutators.BooleanFalseReturnValsMutator,equals,124,NO_COVERAGE,none
Queue.java,br.ufmg.aserg.victorveloso.queue.Queue,org.pitest.mutationtest.engine.gregor.mutators.BooleanTrueReturnValsMutator,equals,118,NO_COVERAGE,none
Queue.java,br.ufmg.aserg.victorveloso.queue.Queue,org.pitest.mutationtest.engine.gregor.mutators.BooleanTrueReturnValsMutator,equals,122,NO_COVERAGE,none
Queue.java,br.ufmg.aserg.victorveloso.queue.Queue,org.pitest.mutationtest.engine.gregor.mutators.BooleanTrueReturnValsMutator,equals,124,NO_COVERAGE,none
Queue.java,br.ufmg.aserg.victorveloso.queue.Queue,org.pitest.mutationtest.engine.gregor.mutators.InlineConstantMutator,equals,117,NO_COVERAGE,none
Queue.java,br.ufmg.aserg.victorveloso.queue.Queue,org.pitest.mutationtest.engine.gregor.mutators.InlineConstantMutator,equals,118,NO_COVERAGE,none
Queue.java,br.ufmg.aserg.victorveloso.queue.Queue,org.pitest.mutationtest.engine.gregor.mutators.InlineConstantMutator,equals,122,NO_COVERAGE,none
Queue.java,br.ufmg.aserg.victorveloso.queue.Queue,org.pitest.mutationtest.engine.gregor.mutators.NegateConditionalsMutator,equals,117,NO_COVERAGE,none
Queue.java,br.ufmg.aserg.victorveloso.queue.Queue,org.pitest.mutationtest.engine.gregor.mutators.NegateConditionalsMutator,equals,118,NO_COVERAGE,none
Queue.java,br.ufmg.aserg.victorveloso.queue.Queue,org.pitest.mutationtest.engine.gregor.mutators.NegateConditionalsMutator,equals,122,NO_COVERAGE,none
Queue.java,br.ufmg.aserg.victorveloso.queue.Queue,org.pitest.mutationtest.engine.gregor.mutators.NonVoidMethodCallMutator,equals,122,NO_COVERAGE,none
Queue.java,br.ufmg.aserg.victorveloso.queue.Queue,org.pitest.mutationtest.engine.gregor.mutators.NonVoidMethodCallMutator,equals,122,NO_COVERAGE,none
Queue.java,br.ufmg.aserg.victorveloso.queue.Queue,org.pitest.mutationtest.engine.gregor.mutators.NonVoidMethodCallMutator,equals,124,NO_COVERAGE,none
Queue.java,br.ufmg.aserg.victorveloso.queue.Queue,org.pitest.mutationtest.engine.gregor.mutators.RemoveConditionalMutator_EQUAL_ELSE,equals,118,NO_COVERAGE,none
Queue.java,br.ufmg.aserg.victorveloso.queue.Queue,org.pitest.mutationtest.engine.gregor.mutators.RemoveConditionalMutator_EQUAL_ELSE,equals,122,NO_COVERAGE,none
Queue.java,br.ufmg.aserg.victorveloso.queue.Queue,org.pitest.mutationtest.engine.gregor.mutators.RemoveConditionalMutator_EQUAL_IF,equals,117,NO_COVERAGE,none
Queue.java,br.ufmg.aserg.victorveloso.queue.Queue,org.pitest.mutationtest.engine.gregor.mutators.RemoveConditionalMutator_EQUAL_IF,equals,118,NO_COVERAGE,none
Queue.java,br.ufmg.aserg.victorveloso.queue.Queue,org.pitest.mutationtest.engine.gregor.mutators.RemoveConditionalMutator_EQUAL_IF,equals,122,NO_COVERAGE,none
Queue.java,br.ufmg.aserg.victorveloso.queue.Queue,org.pitest.mutationtest.engine.gregor.mutators.ReturnValsMutator,equals,117,NO_COVERAGE,none
Queue.java,br.ufmg.aserg.victorveloso.queue.Queue,org.pitest.mutationtest.engine.gregor.mutators.ReturnValsMutator,equals,118,NO_COVERAGE,none
Queue.java,br.ufmg.aserg.victorveloso.queue.Queue,org.pitest.mutationtest.engine.gregor.mutators.ReturnValsMutator,equals,122,NO_COVERAGE,none
Queue.java,br.ufmg.aserg.victorveloso.queue.Queue,org.pitest.mutationtest.engine.gregor.mutators.ReturnValsMutator,equals,124,NO_COVERAGE,none
Queue.java,br.ufmg.aserg.victorveloso.queue.Queue,org.pitest.mutationtest.engine.gregor.mutators.rv.CRCR1Mutator,equals,118,NO_COVERAGE,none
Queue.java,br.ufmg.aserg.victorveloso.queue.Queue,org.pitest.mutationtest.engine.gregor.mutators.rv.CRCR1Mutator,equals,122,NO_COVERAGE,none
Queue.java,br.ufmg.aserg.victorveloso.queue.Queue,org.pitest.mutationtest.engine.gregor.mutators.rv.CRCR2Mutator,equals,117,NO_COVERAGE,none
Queue.java,br.ufmg.aserg.victorveloso.queue.Queue,org.pitest.mutationtest.engine.gregor.mutators.rv.CRCR3Mutator,equals,117,NO_COVERAGE,none
Queue.java,br.ufmg.aserg.victorveloso.queue.Queue,org.pitest.mutationtest.engine.gregor.mutators.rv.CRCR3Mutator,equals,118,NO_COVERAGE,none
Queue.java,br.ufmg.aserg.victorveloso.queue.Queue,org.pitest.mutationtest.engine.gregor.mutators.rv.CRCR3Mutator,equals,122,NO_COVERAGE,none
Queue.java,br.ufmg.aserg.victorveloso.queue.Queue,org.pitest.mutationtest.engine.gregor.mutators.rv.CRCR4Mutator,equals,117,NO_COVERAGE,none
Queue.java,br.ufmg.aserg.victorveloso.queue.Queue,org.pitest.mutationtest.engine.gregor.mutators.rv.CRCR5Mutator,equals,117,NO_COVERAGE,none
Queue.java,br.ufmg.aserg.victorveloso.queue.Queue,org.pitest.mutationtest.engine.gregor.mutators.rv.CRCR5Mutator,equals,118,NO_COVERAGE,none
Queue.java,br.ufmg.aserg.victorveloso.queue.Queue,org.pitest.mutationtest.engine.gregor.mutators.rv.CRCR5Mutator,equals,122,NO_COVERAGE,none
Queue.java,br.ufmg.aserg.victorveloso.queue.Queue,org.pitest.mutationtest.engine.gregor.mutators.rv.CRCR6Mutator,equals,117,NO_COVERAGE,none
Queue.java,br.ufmg.aserg.victorveloso.queue.Queue,org.pitest.mutationtest.engine.gregor.mutators.rv.CRCR6Mutator,equals,118,NO_COVERAGE,none
Queue.java,br.ufmg.aserg.victorveloso.queue.Queue,org.pitest.mutationtest.engine.gregor.mutators.rv.CRCR6Mutator,equals,122,NO_COVERAGE,none
Queue.java,br.ufmg.aserg.victorveloso.queue.Queue,org.pitest.mutationtest.engine.gregor.mutators.rv.ROR1Mutator,equals,118,NO_COVERAGE,none
Queue.java,br.ufmg.aserg.victorveloso.queue.Queue,org.pitest.mutationtest.engine.gregor.mutators.rv.ROR1Mutator,equals,122,NO_COVERAGE,none
Queue.java,br.ufmg.aserg.victorveloso.queue.Queue,org.pitest.mutationtest.engine.gregor.mutators.rv.ROR2Mutator,equals,118,NO_COVERAGE,none
Queue.java,br.ufmg.aserg.victorveloso.queue.Queue,org.pitest.mutationtest.engine.gregor.mutators.rv.ROR2Mutator,equals,122,NO_COVERAGE,none
Queue.java,br.ufmg.aserg.victorveloso.queue.Queue,org.pitest.mutationtest.engine.gregor.mutators.rv.ROR3Mutator,equals,118,NO_COVERAGE,none
Queue.java,br.ufmg.aserg.victorveloso.queue.Queue,org.pitest.mutationtest.engine.gregor.mutators.rv.ROR3Mutator,equals,122,NO_COVERAGE,none
Queue.java,br.ufmg.aserg.victorveloso.queue.Queue,org.pitest.mutationtest.engine.gregor.mutators.rv.ROR4Mutator,equals,118,NO_COVERAGE,none
Queue.java,br.ufmg.aserg.victorveloso.queue.Queue,org.pitest.mutationtest.engine.gregor.mutators.rv.ROR4Mutator,equals,122,NO_COVERAGE,none
Queue.java,br.ufmg.aserg.victorveloso.queue.Queue,org.pitest.mutationtest.engine.gregor.mutators.rv.ROR5Mutator,equals,117,NO_COVERAGE,none
Queue.java,br.ufmg.aserg.victorveloso.queue.Queue,org.pitest.mutationtest.engine.gregor.mutators.rv.ROR5Mutator,equals,118,NO_COVERAGE,none
Queue.java,br.ufmg.aserg.victorveloso.queue.Queue,org.pitest.mutationtest.engine.gregor.mutators.rv.ROR5Mutator,equals,122,NO_COVERAGE,none
Queue.java,br.ufmg.aserg.victorveloso.queue.Queue,org.pitest.mutationtest.engine.gregor.mutators.BooleanFalseReturnValsMutator,equalsDeeply,143,NO_COVERAGE,none
Queue.java,br.ufmg.aserg.victorveloso.queue.Queue,org.pitest.mutationtest.engine.gregor.mutators.BooleanTrueReturnValsMutator,equalsDeeply,143,NO_COVERAGE,none
Queue.java,br.ufmg.aserg.victorveloso.queue.Queue,org.pitest.mutationtest.engine.gregor.mutators.ConditionalsBoundaryMutator,equalsDeeply,139,NO_COVERAGE,none
Queue.java,br.ufmg.aserg.victorveloso.queue.Queue,org.pitest.mutationtest.engine.gregor.mutators.InlineConstantMutator,equalsDeeply,139,NO_COVERAGE,none
Queue.java,br.ufmg.aserg.victorveloso.queue.Queue,org.pitest.mutationtest.engine.gregor.mutators.NegateConditionalsMutator,equalsDeeply,139,NO_COVERAGE,none
Queue.java,br.ufmg.aserg.victorveloso.queue.Queue,org.pitest.mutationtest.engine.gregor.mutators.NonVoidMethodCallMutator,equalsDeeply,134,NO_COVERAGE,none
Queue.java,br.ufmg.aserg.victorveloso.queue.Queue,org.pitest.mutationtest.engine.gregor.mutators.NonVoidMethodCallMutator,equalsDeeply,135,NO_COVERAGE,none
Queue.java,br.ufmg.aserg.victorveloso.queue.Queue,org.pitest.mutationtest.engine.gregor.mutators.NonVoidMethodCallMutator,equalsDeeply,137,NO_COVERAGE,none
Queue.java,br.ufmg.aserg.victorveloso.queue.Queue,org.pitest.mutationtest.engine.gregor.mutators.RemoveConditionalMutator_ORDER_ELSE,equalsDeeply,139,NO_COVERAGE,none
Queue.java,br.ufmg.aserg.victorveloso.queue.Queue,org.pitest.mutationtest.engine.gregor.mutators.RemoveConditionalMutator_ORDER_IF,equalsDeeply,139,NO_COVERAGE,none
Queue.java,br.ufmg.aserg.victorveloso.queue.Queue,org.pitest.mutationtest.engine.gregor.mutators.ReturnValsMutator,equalsDeeply,143,NO_COVERAGE,none
Queue.java,br.ufmg.aserg.victorveloso.queue.Queue,org.pitest.mutationtest.engine.gregor.mutators.VoidMethodCallMutator,equalsDeeply,140,NO_COVERAGE,none
Queue.java,br.ufmg.aserg.victorveloso.queue.Queue,org.pitest.mutationtest.engine.gregor.mutators.VoidMethodCallMutator,equalsDeeply,141,NO_COVERAGE,none
Queue.java,br.ufmg.aserg.victorveloso.queue.Queue,org.pitest.mutationtest.engine.gregor.mutators.rv.ABSMutator,equalsDeeply,139,NO_COVERAGE,none
Queue.java,br.ufmg.aserg.victorveloso.queue.Queue,org.pitest.mutationtest.engine.gregor.mutators.rv.ABSMutator,equalsDeeply,140,NO_COVERAGE,none
Queue.java,br.ufmg.aserg.victorveloso.queue.Queue,org.pitest.mutationtest.engine.gregor.mutators.rv.ABSMutator,equalsDeeply,141,NO_COVERAGE,none
Queue.java,br.ufmg.aserg.victorveloso.queue.Queue,org.pitest.mutationtest.engine.gregor.mutators.rv.ABSMutator,equalsDeeply,143,NO_COVERAGE,none
Queue.java,br.ufmg.aserg.victorveloso.queue.Queue,org.pitest.mutationtest.engine.gregor.mutators.rv.CRCR1Mutator,equalsDeeply,139,NO_COVERAGE,none
Queue.java,br.ufmg.aserg.victorveloso.queue.Queue,org.pitest.mutationtest.engine.gregor.mutators.rv.CRCR3Mutator,equalsDeeply,139,NO_COVERAGE,none
Queue.java,br.ufmg.aserg.victorveloso.queue.Queue,org.pitest.mutationtest.engine.gregor.mutators.rv.CRCR5Mutator,equalsDeeply,139,NO_COVERAGE,none
Queue.java,br.ufmg.aserg.victorveloso.queue.Queue,org.pitest.mutationtest.engine.gregor.mutators.rv.CRCR6Mutator,equalsDeeply,139,NO_COVERAGE,none
Queue.java,br.ufmg.aserg.victorveloso.queue.Queue,org.pitest.mutationtest.engine.gregor.mutators.rv.ROR1Mutator,equalsDeeply,139,NO_COVERAGE,none
Queue.java,br.ufmg.aserg.victorveloso.queue.Queue,org.pitest.mutationtest.engine.gregor.mutators.rv.ROR2Mutator,equalsDeeply,139,NO_COVERAGE,none
Queue.java,br.ufmg.aserg.victorveloso.queue.Queue,org.pitest.mutationtest.engine.gregor.mutators.rv.ROR3Mutator,equalsDeeply,139,NO_COVERAGE,none
Queue.java,br.ufmg.aserg.victorveloso.queue.Queue,org.pitest.mutationtest.engine.gregor.mutators.rv.ROR4Mutator,equalsDeeply,139,NO_COVERAGE,none
Queue.java,br.ufmg.aserg.victorveloso.queue.Queue,org.pitest.mutationtest.engine.gregor.mutators.rv.ROR5Mutator,equalsDeeply,139,NO_COVERAGE,none
Queue.java,br.ufmg.aserg.victorveloso.queue.Queue,org.pitest.mutationtest.engine.gregor.mutators.rv.UOI1Mutator,equalsDeeply,139,NO_COVERAGE,none
Queue.java,br.ufmg.aserg.victorveloso.queue.Queue,org.pitest.mutationtest.engine.gregor.mutators.rv.UOI1Mutator,equalsDeeply,140,NO_COVERAGE,none
Queue.java,br.ufmg.aserg.victorveloso.queue.Queue,org.pitest.mutationtest.engine.gregor.mutators.rv.UOI1Mutator,equalsDeeply,141,NO_COVERAGE,none
Queue.java,br.ufmg.aserg.victorveloso.queue.Queue,org.pitest.mutationtest.engine.gregor.mutators.rv.UOI1Mutator,equalsDeeply,143,NO_COVERAGE,none
Queue.java,br.ufmg.aserg.victorveloso.queue.Queue,org.pitest.mutationtest.engine.gregor.mutators.rv.UOI2Mutator,equalsDeeply,139,NO_COVERAGE,none
Queue.java,br.ufmg.aserg.victorveloso.queue.Queue,org.pitest.mutationtest.engine.gregor.mutators.rv.UOI2Mutator,equalsDeeply,140,NO_COVERAGE,none
Queue.java,br.ufmg.aserg.victorveloso.queue.Queue,org.pitest.mutationtest.engine.gregor.mutators.rv.UOI2Mutator,equalsDeeply,141,NO_COVERAGE,none
Queue.java,br.ufmg.aserg.victorveloso.queue.Queue,org.pitest.mutationtest.engine.gregor.mutators.rv.UOI2Mutator,equalsDeeply,143,NO_COVERAGE,none
Queue.java,br.ufmg.aserg.victorveloso.queue.Queue,org.pitest.mutationtest.engine.gregor.mutators.rv.UOI3Mutator,equalsDeeply,139,NO_COVERAGE,none
Queue.java,br.ufmg.aserg.victorveloso.queue.Queue,org.pitest.mutationtest.engine.gregor.mutators.rv.UOI3Mutator,equalsDeeply,140,NO_COVERAGE,none
Queue.java,br.ufmg.aserg.victorveloso.queue.Queue,org.pitest.mutationtest.engine.gregor.mutators.rv.UOI3Mutator,equalsDeeply,141,NO_COVERAGE,none
Queue.java,br.ufmg.aserg.victorveloso.queue.Queue,org.pitest.mutationtest.engine.gregor.mutators.rv.UOI3Mutator,equalsDeeply,143,NO_COVERAGE,none
Queue.java,br.ufmg.aserg.victorveloso.queue.Queue,org.pitest.mutationtest.engine.gregor.mutators.rv.UOI4Mutator,equalsDeeply,139,NO_COVERAGE,none
Queue.java,br.ufmg.aserg.victorveloso.queue.Queue,org.pitest.mutationtest.engine.gregor.mutators.rv.UOI4Mutator,equalsDeeply,140,NO_COVERAGE,none
Queue.java,br.ufmg.aserg.victorveloso.queue.Queue,org.pitest.mutationtest.engine.gregor.mutators.rv.UOI4Mutator,equalsDeeply,141,NO_COVERAGE,none
Queue.java,br.ufmg.aserg.victorveloso.queue.Queue,org.pitest.mutationtest.engine.gregor.mutators.rv.UOI4Mutator,equalsDeeply,143,NO_COVERAGE,none
Queue.java,br.ufmg.aserg.victorveloso.queue.Queue,org.pitest.mutationtest.engine.gregor.mutators.NonVoidMethodCallMutator,hashCode,148,NO_COVERAGE,none
Queue.java,br.ufmg.aserg.victorveloso.queue.Queue,org.pitest.mutationtest.engine.gregor.mutators.PrimitiveReturnsMutator,hashCode,148,NO_COVERAGE,none
Queue.java,br.ufmg.aserg.victorveloso.queue.Queue,org.pitest.mutationtest.engine.gregor.mutators.ReturnValsMutator,hashCode,148,NO_COVERAGE,none
Queue.java,br.ufmg.aserg.victorveloso.queue.Queue,org.pitest.mutationtest.engine.gregor.mutators.BooleanTrueReturnValsMutator,isEmpty,42,NO_COVERAGE,none
Queue.java,br.ufmg.aserg.victorveloso.queue.Queue,org.pitest.mutationtest.engine.gregor.mutators.InlineConstantMutator,isEmpty,42,NO_COVERAGE,none
Queue.java,br.ufmg.aserg.victorveloso.queue.Queue,org.pitest.mutationtest.engine.gregor.mutators.InlineConstantMutator,isEmpty,42,NO_COVERAGE,none
Queue.java,br.ufmg.aserg.victorveloso.queue.Queue,org.pitest.mutationtest.engine.gregor.mutators.NegateConditionalsMutator,isEmpty,42,NO_COVERAGE,none
Queue.java,br.ufmg.aserg.victorveloso.queue.Queue,org.pitest.mutationtest.engine.gregor.mutators.RemoveConditionalMutator_EQUAL_ELSE,isEmpty,42,NO_COVERAGE,none
Queue.java,br.ufmg.aserg.victorveloso.queue.Queue,org.pitest.mutationtest.engine.gregor.mutators.RemoveConditionalMutator_EQUAL_IF,isEmpty,42,NO_COVERAGE,none
Queue.java,br.ufmg.aserg.victorveloso.queue.Queue,org.pitest.mutationtest.engine.gregor.mutators.ReturnValsMutator,isEmpty,42,NO_COVERAGE,none
Queue.java,br.ufmg.aserg.victorveloso.queue.Queue,org.pitest.mutationtest.engine.gregor.mutators.rv.ABSMutator,isEmpty,42,NO_COVERAGE,none
Queue.java,br.ufmg.aserg.victorveloso.queue.Queue,org.pitest.mutationtest.engine.gregor.mutators.rv.ABSMutator,isEmpty,42,NO_COVERAGE,none
Queue.java,br.ufmg.aserg.victorveloso.queue.Queue,org.pitest.mutationtest.engine.gregor.mutators.rv.CRCR1Mutator,isEmpty,42,NO_COVERAGE,none
Queue.java,br.ufmg.aserg.victorveloso.queue.Queue,org.pitest.mutationtest.engine.gregor.mutators.rv.CRCR2Mutator,isEmpty,42,NO_COVERAGE,none
Queue.java,br.ufmg.aserg.victorveloso.queue.Queue,org.pitest.mutationtest.engine.gregor.mutators.rv.CRCR3Mutator,isEmpty,42,NO_COVERAGE,none
Queue.java,br.ufmg.aserg.victorveloso.queue.Queue,org.pitest.mutationtest.engine.gregor.mutators.rv.CRCR3Mutator,isEmpty,42,NO_COVERAGE,none
Queue.java,br.ufmg.aserg.victorveloso.queue.Queue,org.pitest.mutationtest.engine.gregor.mutators.rv.CRCR4Mutator,isEmpty,42,NO_COVERAGE,none
Queue.java,br.ufmg.aserg.victorveloso.queue.Queue,org.pitest.mutationtest.engine.gregor.mutators.rv.CRCR5Mutator,isEmpty,42,NO_COVERAGE,none
Queue.java,br.ufmg.aserg.victorveloso.queue.Queue,org.pitest.mutationtest.engine.gregor.mutators.rv.CRCR5Mutator,isEmpty,42,NO_COVERAGE,none
Queue.java,br.ufmg.aserg.victorveloso.queue.Queue,org.pitest.mutationtest.engine.gregor.mutators.rv.CRCR6Mutator,isEmpty,42,NO_COVERAGE,none
Queue.java,br.ufmg.aserg.victorveloso.queue.Queue,org.pitest.mutationtest.engine.gregor.mutators.rv.CRCR6Mutator,isEmpty,42,NO_COVERAGE,none
Queue.java,br.ufmg.aserg.victorveloso.queue.Queue,org.pitest.mutationtest.engine.gregor.mutators.rv.ROR1Mutator,isEmpty,42,NO_COVERAGE,none
Queue.java,br.ufmg.aserg.victorveloso.queue.Queue,org.pitest.mutationtest.engine.gregor.mutators.rv.ROR2Mutator,isEmpty,42,NO_COVERAGE,none
Queue.java,br.ufmg.aserg.victorveloso.queue.Queue,org.pitest.mutationtest.engine.gregor.mutators.rv.ROR3Mutator,isEmpty,42,NO_COVERAGE,none
Queue.java,br.ufmg.aserg.victorveloso.queue.Queue,org.pitest.mutationtest.engine.gregor.mutators.rv.ROR4Mutator,isEmpty,42,NO_COVERAGE,none
Queue.java,br.ufmg.aserg.victorveloso.queue.Queue,org.pitest.mutationtest.engine.gregor.mutators.rv.ROR5Mutator,isEmpty,42,NO_COVERAGE,none
Queue.java,br.ufmg.aserg.victorveloso.queue.Queue,org.pitest.mutationtest.engine.gregor.mutators.rv.UOI1Mutator,isEmpty,42,NO_COVERAGE,none
Queue.java,br.ufmg.aserg.victorveloso.queue.Queue,org.pitest.mutationtest.engine.gregor.mutators.rv.UOI1Mutator,isEmpty,42,NO_COVERAGE,none
Queue.java,br.ufmg.aserg.victorveloso.queue.Queue,org.pitest.mutationtest.engine.gregor.mutators.rv.UOI2Mutator,isEmpty,42,NO_COVERAGE,none
Queue.java,br.ufmg.aserg.victorveloso.queue.Queue,org.pitest.mutationtest.engine.gregor.mutators.rv.UOI2Mutator,isEmpty,42,NO_COVERAGE,none
Queue.java,br.ufmg.aserg.victorveloso.queue.Queue,org.pitest.mutationtest.engine.gregor.mutators.rv.UOI3Mutator,isEmpty,42,NO_COVERAGE,none
Queue.java,br.ufmg.aserg.victorveloso.queue.Queue,org.pitest.mutationtest.engine.gregor.mutators.rv.UOI3Mutator,isEmpty,42,NO_COVERAGE,none
Queue.java,br.ufmg.aserg.victorveloso.queue.Queue,org.pitest.mutationtest.engine.gregor.mutators.rv.UOI4Mutator,isEmpty,42,NO_COVERAGE,none
Queue.java,br.ufmg.aserg.victorveloso.queue.Queue,org.pitest.mutationtest.engine.gregor.mutators.rv.UOI4Mutator,isEmpty,42,NO_COVERAGE,none
Queue.java,br.ufmg.aserg.victorveloso.queue.Queue,org.pitest.mutationtest.engine.gregor.mutators.ArgumentPropagationMutator,isFull,50,NO_COVERAGE,none
Queue.java,br.ufmg.aserg.victorveloso.queue.Queue,org.pitest.mutationtest.engine.gregor.mutators.BooleanTrueReturnValsMutator,isFull,50,NO_COVERAGE,none
Queue.java,br.ufmg.aserg.victorveloso.queue.Queue,org.pitest.mutationtest.engine.gregor.mutators.InlineConstantMutator,isFull,50,NO_COVERAGE,none
Queue.java,br.ufmg.aserg.victorveloso.queue.Queue,org.pitest.mutationtest.engine.gregor.mutators.InlineConstantMutator,isFull,50,NO_COVERAGE,none
Queue.java,br.ufmg.aserg.victorveloso.queue.Queue,org.pitest.mutationtest.engine.gregor.mutators.NegateConditionalsMutator,isFull,50,NO_COVERAGE,none
Queue.java,br.ufmg.aserg.victorveloso.queue.Queue,org.pitest.mutationtest.engine.gregor.mutators.NonVoidMethodCallMutator,isFull,50,NO_COVERAGE,none
Queue.java,br.ufmg.aserg.victorveloso.queue.Queue,org.pitest.mutationtest.engine.gregor.mutators.RemoveConditionalMutator_EQUAL_ELSE,isFull,50,NO_COVERAGE,none
Queue.java,br.ufmg.aserg.victorveloso.queue.Queue,org.pitest.mutationtest.engine.gregor.mutators.RemoveConditionalMutator_EQUAL_IF,isFull,50,NO_COVERAGE,none
Queue.java,br.ufmg.aserg.victorveloso.queue.Queue,org.pitest.mutationtest.engine.gregor.mutators.ReturnValsMutator,isFull,50,NO_COVERAGE,none
Queue.java,br.ufmg.aserg.victorveloso.queue.Queue,org.pitest.mutationtest.engine.gregor.mutators.rv.ABSMutator,isFull,50,NO_COVERAGE,none
Queue.java,br.ufmg.aserg.victorveloso.queue.Queue,org.pitest.mutationtest.engine.gregor.mutators.rv.ABSMutator,isFull,50,NO_COVERAGE,none
Queue.java,br.ufmg.aserg.victorveloso.queue.Queue,org.pitest.mutationtest.engine.gregor.mutators.rv.CRCR1Mutator,isFull,50,NO_COVERAGE,none
Queue.java,br.ufmg.aserg.victorveloso.queue.Queue,org.pitest.mutationtest.engine.gregor.mutators.rv.CRCR2Mutator,isFull,50,NO_COVERAGE,none
Queue.java,br.ufmg.aserg.victorveloso.queue.Queue,org.pitest.mutationtest.engine.gregor.mutators.rv.CRCR3Mutator,isFull,50,NO_COVERAGE,none
Queue.java,br.ufmg.aserg.victorveloso.queue.Queue,org.pitest.mutationtest.engine.gregor.mutators.rv.CRCR3Mutator,isFull,50,NO_COVERAGE,none
Queue.java,br.ufmg.aserg.victorveloso.queue.Queue,org.pitest.mutationtest.engine.gregor.mutators.rv.CRCR4Mutator,isFull,50,NO_COVERAGE,none
Queue.java,br.ufmg.aserg.victorveloso.queue.Queue,org.pitest.mutationtest.engine.gregor.mutators.rv.CRCR5Mutator,isFull,50,NO_COVERAGE,none
Queue.java,br.ufmg.aserg.victorveloso.queue.Queue,org.pitest.mutationtest.engine.gregor.mutators.rv.CRCR5Mutator,isFull,50,NO_COVERAGE,none
Queue.java,br.ufmg.aserg.victorveloso.queue.Queue,org.pitest.mutationtest.engine.gregor.mutators.rv.CRCR6Mutator,isFull,50,NO_COVERAGE,none
Queue.java,br.ufmg.aserg.victorveloso.queue.Queue,org.pitest.mutationtest.engine.gregor.mutators.rv.CRCR6Mutator,isFull,50,NO_COVERAGE,none
Queue.java,br.ufmg.aserg.victorveloso.queue.Queue,org.pitest.mutationtest.engine.gregor.mutators.rv.ROR1Mutator,isFull,50,NO_COVERAGE,none
Queue.java,br.ufmg.aserg.victorveloso.queue.Queue,org.pitest.mutationtest.engine.gregor.mutators.rv.ROR2Mutator,isFull,50,NO_COVERAGE,none
Queue.java,br.ufmg.aserg.victorveloso.queue.Queue,org.pitest.mutationtest.engine.gregor.mutators.rv.ROR3Mutator,isFull,50,NO_COVERAGE,none
Queue.java,br.ufmg.aserg.victorveloso.queue.Queue,org.pitest.mutationtest.engine.gregor.mutators.rv.ROR4Mutator,isFull,50,NO_COVERAGE,none
Queue.java,br.ufmg.aserg.victorveloso.queue.Queue,org.pitest.mutationtest.engine.gregor.mutators.rv.ROR5Mutator,isFull,50,NO_COVERAGE,none
Queue.java,br.ufmg.aserg.victorveloso.queue.Queue,org.pitest.mutationtest.engine.gregor.mutators.rv.UOI1Mutator,isFull,50,NO_COVERAGE,none
Queue.java,br.ufmg.aserg.victorveloso.queue.Queue,org.pitest.mutationtest.engine.gregor.mutators.rv.UOI1Mutator,isFull,50,NO_COVERAGE,none
Queue.java,br.ufmg.aserg.victorveloso.queue.Queue,org.pitest.mutationtest.engine.gregor.mutators.rv.UOI2Mutator,isFull,50,NO_COVERAGE,none
Queue.java,br.ufmg.aserg.victorveloso.queue.Queue,org.pitest.mutationtest.engine.gregor.mutators.rv.UOI2Mutator,isFull,50,NO_COVERAGE,none
Queue.java,br.ufmg.aserg.victorveloso.queue.Queue,org.pitest.mutationtest.engine.gregor.mutators.rv.UOI3Mutator,isFull,50,NO_COVERAGE,none
Queue.java,br.ufmg.aserg.victorveloso.queue.Queue,org.pitest.mutationtest.engine.gregor.mutators.rv.UOI3Mutator,isFull,50,NO_COVERAGE,none
Queue.java,br.ufmg.aserg.victorveloso.queue.Queue,org.pitest.mutationtest.engine.gregor.mutators.rv.UOI4Mutator,isFull,50,NO_COVERAGE,none
Queue.java,br.ufmg.aserg.victorveloso.queue.Queue,org.pitest.mutationtest.engine.gregor.mutators.rv.UOI4Mutator,isFull,50,NO_COVERAGE,none
Queue.java,br.ufmg.aserg.victorveloso.queue.Queue,org.pitest.mutationtest.engine.gregor.mutators.InlineConstantMutator,next,162,NO_COVERAGE,none
Queue.java,br.ufmg.aserg.victorveloso.queue.Queue,org.pitest.mutationtest.engine.gregor.mutators.MathMutator,next,162,NO_COVERAGE,none
Queue.java,br.ufmg.aserg.victorveloso.queue.Queue,org.pitest.mutationtest.engine.gregor.mutators.MathMutator,next,162,NO_COVERAGE,none
Queue.java,br.ufmg.aserg.victorveloso.queue.Queue,org.pitest.mutationtest.engine.gregor.mutators.PrimitiveReturnsMutator,next,162,NO_COVERAGE,none
Queue.java,br.ufmg.aserg.victorveloso.queue.Queue,org.pitest.mutationtest.engine.gregor.mutators.ReturnValsMutator,next,162,NO_COVERAGE,none
Queue.java,br.ufmg.aserg.victorveloso.queue.Queue,org.pitest.mutationtest.engine.gregor.mutators.rv.ABSMutator,next,162,NO_COVERAGE,none
Queue.java,br.ufmg.aserg.victorveloso.queue.Queue,org.pitest.mutationtest.engine.gregor.mutators.rv.AOD1Mutator,next,162,NO_COVERAGE,none
Queue.java,br.ufmg.aserg.victorveloso.queue.Queue,org.pitest.mutationtest.engine.gregor.mutators.rv.AOD1Mutator,next,162,NO_COVERAGE,none
Queue.java,br.ufmg.aserg.victorveloso.queue.Queue,org.pitest.mutationtest.engine.gregor.mutators.rv.AOD2Mutator,next,162,NO_COVERAGE,none
Queue.java,br.ufmg.aserg.victorveloso.queue.Queue,org.pitest.mutationtest.engine.gregor.mutators.rv.AOD2Mutator,next,162,NO_COVERAGE,none
Queue.java,br.ufmg.aserg.victorveloso.queue.Queue,org.pitest.mutationtest.engine.gregor.mutators.rv.AOR1Mutator,next,162,NO_COVERAGE,none
Queue.java,br.ufmg.aserg.victorveloso.queue.Queue,org.pitest.mutationtest.engine.gregor.mutators.rv.AOR1Mutator,next,162,NO_COVERAGE,none
Queue.java,br.ufmg.aserg.victorveloso.queue.Queue,org.pitest.mutationtest.engine.gregor.mutators.rv.AOR2Mutator,next,162,NO_COVERAGE,none
Queue.java,br.ufmg.aserg.victorveloso.queue.Queue,org.pitest.mutationtest.engine.gregor.mutators.rv.AOR2Mutator,next,162,NO_COVERAGE,none
Queue.java,br.ufmg.aserg.victorveloso.queue.Queue,org.pitest.mutationtest.engine.gregor.mutators.rv.AOR3Mutator,next,162,NO_COVERAGE,none
Queue.java,br.ufmg.aserg.victorveloso.queue.Queue,org.pitest.mutationtest.engine.gregor.mutators.rv.AOR3Mutator,next,162,NO_COVERAGE,none
Queue.java,br.ufmg.aserg.victorveloso.queue.Queue,org.pitest.mutationtest.engine.gregor.mutators.rv.AOR4Mutator,next,162,NO_COVERAGE,none
Queue.java,br.ufmg.aserg.victorveloso.queue.Queue,org.pitest.mutationtest.engine.gregor.mutators.rv.AOR4Mutator,next,162,NO_COVERAGE,none
Queue.java,br.ufmg.aserg.victorveloso.queue.Queue,org.pitest.mutationtest.engine.gregor.mutators.rv.CRCR2Mutator,next,162,NO_COVERAGE,none
Queue.java,br.ufmg.aserg.victorveloso.queue.Queue,org.pitest.mutationtest.engine.gregor.mutators.rv.CRCR3Mutator,next,162,NO_COVERAGE,none
Queue.java,br.ufmg.aserg.victorveloso.queue.Queue,org.pitest.mutationtest.engine.gregor.mutators.rv.CRCR4Mutator,next,162,NO_COVERAGE,none
Queue.java,br.ufmg.aserg.victorveloso.queue.Queue,org.pitest.mutationtest.engine.gregor.mutators.rv.CRCR5Mutator,next,162,NO_COVERAGE,none
Queue.java,br.ufmg.aserg.victorveloso.queue.Queue,org.pitest.mutationtest.engine.gregor.mutators.rv.CRCR6Mutator,next,162,NO_COVERAGE,none
Queue.java,br.ufmg.aserg.victorveloso.queue.Queue,org.pitest.mutationtest.engine.gregor.mutators.rv.UOI1Mutator,next,162,NO_COVERAGE,none
Queue.java,br.ufmg.aserg.victorveloso.queue.Queue,org.pitest.mutationtest.engine.gregor.mutators.rv.UOI2Mutator,next,162,NO_COVERAGE,none
Queue.java,br.ufmg.aserg.victorveloso.queue.Queue,org.pitest.mutationtest.engine.gregor.mutators.rv.UOI3Mutator,next,162,NO_COVERAGE,none
Queue.java,br.ufmg.aserg.victorveloso.queue.Queue,org.pitest.mutationtest.engine.gregor.mutators.rv.UOI4Mutator,next,162,NO_COVERAGE,none
Queue.java,br.ufmg.aserg.victorveloso.queue.Queue,org.pitest.mutationtest.engine.gregor.mutators.ArgumentPropagationMutator,scanSize,176,NO_COVERAGE,none
Queue.java,br.ufmg.aserg.victorveloso.queue.Queue,org.pitest.mutationtest.engine.gregor.mutators.InlineConstantMutator,scanSize,171,NO_COVERAGE,none
Queue.java,br.ufmg.aserg.victorveloso.queue.Queue,org.pitest.mutationtest.engine.gregor.mutators.NegateConditionalsMutator,scanSize,173,NO_COVERAGE,none
Queue.java,br.ufmg.aserg.victorveloso.queue.Queue,org.pitest.mutationtest.engine.gregor.mutators.NonVoidMethodCallMutator,scanSize,176,NO_COVERAGE,none
Queue.java,br.ufmg.aserg.victorveloso.queue.Queue,org.pitest.mutationtest.engine.gregor.mutators.PrimitiveReturnsMutator,scanSize,178,NO_COVERAGE,none
Queue.java,br.ufmg.aserg.victorveloso.queue.Queue,org.pitest.mutationtest.engine.gregor.mutators.RemoveConditionalMutator_EQUAL_ELSE,scanSize,173,NO_COVERAGE,none
Queue.java,br.ufmg.aserg.victorveloso.queue.Queue,org.pitest.mutationtest.engine.gregor.mutators.RemoveConditionalMutator_EQUAL_IF,scanSize,173,NO_COVERAGE,none
Queue.java,br.ufmg.aserg.victorveloso.queue.Queue,org.pitest.mutationtest.engine.gregor.mutators.ReturnValsMutator,scanSize,178,NO_COVERAGE,none
Queue.java,br.ufmg.aserg.victorveloso.queue.Queue,org.pitest.mutationtest.engine.gregor.mutators.rv.ABSMutator,scanSize,172,NO_COVERAGE,none
Queue.java,br.ufmg.aserg.victorveloso.queue.Queue,org.pitest.mutationtest.engine.gregor.mutators.rv.ABSMutator,scanSize,172,NO_COVERAGE,none
Queue.java,br.ufmg.aserg.victorveloso.queue.Queue,org.pitest.mutationtest.engine.gregor.mutators.rv.ABSMutator,scanSize,172,NO_COVERAGE,none
Queue.java,br.ufmg.aserg.victorveloso.queue.Queue,org.pitest.mutationtest.engine.gregor.mutators.rv.ABSMutator,scanSize,176,NO_COVERAGE,none
Queue.java,br.ufmg.aserg.victorveloso.queue.Queue,org.pitest.mutationtest.engine.gregor.mutators.rv.ABSMutator,scanSize,178,NO_COVERAGE,none
Queue.java,br.ufmg.aserg.victorveloso.queue.Queue,org.pitest.mutationtest.engine.gregor.mutators.rv.CRCR1Mutator,scanSize,171,NO_COVERAGE,none
Queue.java,br.ufmg.aserg.victorveloso.queue.Queue,org.pitest.mutationtest.engine.gregor.mutators.rv.CRCR3Mutator,scanSize,171,NO_COVERAGE,none
Queue.java,br.ufmg.aserg.victorveloso.queue.Queue,org.pitest.mutationtest.engine.gregor.mutators.rv.CRCR5Mutator,scanSize,171,NO_COVERAGE,none
Queue.java,br.ufmg.aserg.victorveloso.queue.Queue,org.pitest.mutationtest.engine.gregor.mutators.rv.CRCR6Mutator,scanSize,171,NO_COVERAGE,none
Queue.java,br.ufmg.aserg.victorveloso.queue.Queue,org.pitest.mutationtest.engine.gregor.mutators.rv.ROR5Mutator,scanSize,173,NO_COVERAGE,none
Queue.java,br.ufmg.aserg.victorveloso.queue.Queue,org.pitest.mutationtest.engine.gregor.mutators.rv.UOI1Mutator,scanSize,172,NO_COVERAGE,none
Queue.java,br.ufmg.aserg.victorveloso.queue.Queue,org.pitest.mutationtest.engine.gregor.mutators.rv.UOI1Mutator,scanSize,172,NO_COVERAGE,none
Queue.java,br.ufmg.aserg.victorveloso.queue.Queue,org.pitest.mutationtest.engine.gregor.mutators.rv.UOI1Mutator,scanSize,172,NO_COVERAGE,none
Queue.java,br.ufmg.aserg.victorveloso.queue.Queue,org.pitest.mutationtest.engine.gregor.mutators.rv.UOI1Mutator,scanSize,176,NO_COVERAGE,none
Queue.java,br.ufmg.aserg.victorveloso.queue.Queue,org.pitest.mutationtest.engine.gregor.mutators.rv.UOI1Mutator,scanSize,178,NO_COVERAGE,none
Queue.java,br.ufmg.aserg.victorveloso.queue.Queue,org.pitest.mutationtest.engine.gregor.mutators.rv.UOI2Mutator,scanSize,172,NO_COVERAGE,none
Queue.java,br.ufmg.aserg.victorveloso.queue.Queue,org.pitest.mutationtest.engine.gregor.mutators.rv.UOI2Mutator,scanSize,172,NO_COVERAGE,none
Queue.java,br.ufmg.aserg.victorveloso.queue.Queue,org.pitest.mutationtest.engine.gregor.mutators.rv.UOI2Mutator,scanSize,172,NO_COVERAGE,none
Queue.java,br.ufmg.aserg.victorveloso.queue.Queue,org.pitest.mutationtest.engine.gregor.mutators.rv.UOI2Mutator,scanSize,176,NO_COVERAGE,none
Queue.java,br.ufmg.aserg.victorveloso.queue.Queue,org.pitest.mutationtest.engine.gregor.mutators.rv.UOI2Mutator,scanSize,178,NO_COVERAGE,none
Queue.java,br.ufmg.aserg.victorveloso.queue.Queue,org.pitest.mutationtest.engine.gregor.mutators.rv.UOI3Mutator,scanSize,172,NO_COVERAGE,none
Queue.java,br.ufmg.aserg.victorveloso.queue.Queue,org.pitest.mutationtest.engine.gregor.mutators.rv.UOI3Mutator,scanSize,172,NO_COVERAGE,none
Queue.java,br.ufmg.aserg.victorveloso.queue.Queue,org.pitest.mutationtest.engine.gregor.mutators.rv.UOI3Mutator,scanSize,172,NO_COVERAGE,none
Queue.java,br.ufmg.aserg.victorveloso.queue.Queue,org.pitest.mutationtest.engine.gregor.mutators.rv.UOI3Mutator,scanSize,176,NO_COVERAGE,none
Queue.java,br.ufmg.aserg.victorveloso.queue.Queue,org.pitest.mutationtest.engine.gregor.mutators.rv.UOI3Mutator,scanSize,178,NO_COVERAGE,none
Queue.java,br.ufmg.aserg.victorveloso.queue.Queue,org.pitest.mutationtest.engine.gregor.mutators.rv.UOI4Mutator,scanSize,172,NO_COVERAGE,none
Queue.java,br.ufmg.aserg.victorveloso.queue.Queue,org.pitest.mutationtest.engine.gregor.mutators.rv.UOI4Mutator,scanSize,172,NO_COVERAGE,none
Queue.java,br.ufmg.aserg.victorveloso.queue.Queue,org.pitest.mutationtest.engine.gregor.mutators.rv.UOI4Mutator,scanSize,172,NO_COVERAGE,none
Queue.java,br.ufmg.aserg.victorveloso.queue.Queue,org.pitest.mutationtest.engine.gregor.mutators.rv.UOI4Mutator,scanSize,176,NO_COVERAGE,none
Queue.java,br.ufmg.aserg.victorveloso.queue.Queue,org.pitest.mutationtest.engine.gregor.mutators.rv.UOI4Mutator,scanSize,178,NO_COVERAGE,none
Queue.java,br.ufmg.aserg.victorveloso.queue.Queue,org.pitest.mutationtest.engine.gregor.mutators.ArgumentPropagationMutator,size,26,KILLED,br.ufmg.aserg.victorveloso.queue.IntQueueTest.[engine:junit-jupiter]/[class:br.ufmg.aserg.victorveloso.queue.IntQueueTest]/[method:testSize()]
Queue.java,br.ufmg.aserg.victorveloso.queue.Queue,org.pitest.mutationtest.engine.gregor.mutators.MathMutator,size,26,SURVIVED,none
Queue.java,br.ufmg.aserg.victorveloso.queue.Queue,org.pitest.mutationtest.engine.gregor.mutators.NonVoidMethodCallMutator,size,26,KILLED,br.ufmg.aserg.victorveloso.queue.IntQueueTest.[engine:junit-jupiter]/[class:br.ufmg.aserg.victorveloso.queue.IntQueueTest]/[method:testSize()]
Queue.java,br.ufmg.aserg.victorveloso.queue.Queue,org.pitest.mutationtest.engine.gregor.mutators.PrimitiveReturnsMutator,size,26,KILLED,br.ufmg.aserg.victorveloso.queue.IntQueueTest.[engine:junit-jupiter]/[class:br.ufmg.aserg.victorveloso.queue.IntQueueTest]/[method:testSize()]
Queue.java,br.ufmg.aserg.victorveloso.queue.Queue,org.pitest.mutationtest.engine.gregor.mutators.ReturnValsMutator,size,26,KILLED,br.ufmg.aserg.victorveloso.queue.IntQueueTest.[engine:junit-jupiter]/[class:br.ufmg.aserg.victorveloso.queue.IntQueueTest]/[method:testSize()]
Queue.java,br.ufmg.aserg.victorveloso.queue.Queue,org.pitest.mutationtest.engine.gregor.mutators.rv.ABSMutator,size,26,KILLED,br.ufmg.aserg.victorveloso.queue.IntQueueTest.[engine:junit-jupiter]/[class:br.ufmg.aserg.victorveloso.queue.IntQueueTest]/[method:testSize()]
Queue.java,br.ufmg.aserg.victorveloso.queue.Queue,org.pitest.mutationtest.engine.gregor.mutators.rv.ABSMutator,size,26,SURVIVED,none
Queue.java,br.ufmg.aserg.victorveloso.queue.Queue,org.pitest.mutationtest.engine.gregor.mutators.rv.AOD1Mutator,size,26,SURVIVED,none
Queue.java,br.ufmg.aserg.victorveloso.queue.Queue,org.pitest.mutationtest.engine.gregor.mutators.rv.AOD2Mutator,size,26,KILLED,br.ufmg.aserg.victorveloso.queue.IntQueueTest.[engine:junit-jupiter]/[class:br.ufmg.aserg.victorveloso.queue.IntQueueTest]/[method:testSize()]
Queue.java,br.ufmg.aserg.victorveloso.queue.Queue,org.pitest.mutationtest.engine.gregor.mutators.rv.AOR1Mutator,size,26,SURVIVED,none
Queue.java,br.ufmg.aserg.victorveloso.queue.Queue,org.pitest.mutationtest.engine.gregor.mutators.rv.AOR2Mutator,size,26,KILLED,br.ufmg.aserg.victorveloso.queue.IntQueueTest.[engine:junit-jupiter]/[class:br.ufmg.aserg.victorveloso.queue.IntQueueTest]/[method:testSize()]
Queue.java,br.ufmg.aserg.victorveloso.queue.Queue,org.pitest.mutationtest.engine.gregor.mutators.rv.AOR3Mutator,size,26,KILLED,br.ufmg.aserg.victorveloso.queue.IntQueueTest.[engine:junit-jupiter]/[class:br.ufmg.aserg.victorveloso.queue.IntQueueTest]/[method:testSize()]
Queue.java,br.ufmg.aserg.victorveloso.queue.Queue,org.pitest.mutationtest.engine.gregor.mutators.rv.AOR4Mutator,size,26,KILLED,br.ufmg.aserg.victorveloso.queue.IntQueueTest.[engine:junit-jupiter]/[class:br.ufmg.aserg.victorveloso.queue.IntQueueTest]/[method:testSize()]
Queue.java,br.ufmg.aserg.victorveloso.queue.Queue,org.pitest.mutationtest.engine.gregor.mutators.rv.UOI1Mutator,size,26,SURVIVED,none
Queue.java,br.ufmg.aserg.victorveloso.queue.Queue,org.pitest.mutationtest.engine.gregor.mutators.rv.UOI1Mutator,size,26,SURVIVED,none
Queue.java,br.ufmg.aserg.victorveloso.queue.Queue,org.pitest.mutationtest.engine.gregor.mutators.rv.UOI2Mutator,size,26,SURVIVED,none
Queue.java,br.ufmg.aserg.victorveloso.queue.Queue,org.pitest.mutationtest.engine.gregor.mutators.rv.UOI2Mutator,size,26,SURVIVED,none
Queue.java,br.ufmg.aserg.victorveloso.queue.Queue,org.pitest.mutationtest.engine.gregor.mutators.rv.UOI3Mutator,size,26,KILLED,br.ufmg.aserg.victorveloso.queue.IntQueueTest.[engine:junit-jupiter]/[class:br.ufmg.aserg.victorveloso.queue.IntQueueTest]/[method:testSize()]
Queue.java,br.ufmg.aserg.victorveloso.queue.Queue,org.pitest.mutationtest.engine.gregor.mutators.rv.UOI3Mutator,size,26,KILLED,br.ufmg.aserg.victorveloso.queue.IntQueueTest.[engine:junit-jupiter]/[class:br.ufmg.aserg.victorveloso.queue.IntQueueTest]/[method:testSize()]
Queue.java,br.ufmg.aserg.victorveloso.queue.Queue,org.pitest.mutationtest.engine.gregor.mutators.rv.UOI4Mutator,size,26,KILLED,br.ufmg.aserg.victorveloso.queue.IntQueueTest.[engine:junit-jupiter]/[class:br.ufmg.aserg.victorveloso.queue.IntQueueTest]/[method:testSize()]
Queue.java,br.ufmg.aserg.victorveloso.queue.Queue,org.pitest.mutationtest.engine.gregor.mutators.rv.UOI4Mutator,size,26,KILLED,br.ufmg.aserg.victorveloso.queue.IntQueueTest.[engine:junit-jupiter]/[class:br.ufmg.aserg.victorveloso.queue.IntQueueTest]/[method:testSize()]
Queue.java,br.ufmg.aserg.victorveloso.queue.Queue,org.pitest.mutationtest.engine.gregor.mutators.NonVoidMethodCallMutator,sort,96,NO_COVERAGE,none
Queue.java,br.ufmg.aserg.victorveloso.queue.Queue,org.pitest.mutationtest.engine.gregor.mutators.VoidMethodCallMutator,sort,97,NO_COVERAGE,none
Queue.java,br.ufmg.aserg.victorveloso.queue.Queue,org.pitest.mutationtest.engine.gregor.mutators.VoidMethodCallMutator,sort,99,NO_COVERAGE,none
Queue.java,br.ufmg.aserg.victorveloso.queue.Queue,org.pitest.mutationtest.engine.gregor.mutators.rv.ABSMutator,sort,98,NO_COVERAGE,none
Queue.java,br.ufmg.aserg.victorveloso.queue.Queue,org.pitest.mutationtest.engine.gregor.mutators.rv.ABSMutator,sort,98,NO_COVERAGE,none
Queue.java,br.ufmg.aserg.victorveloso.queue.Queue,org.pitest.mutationtest.engine.gregor.mutators.rv.ABSMutator,sort,98,NO_COVERAGE,none
Queue.java,br.ufmg.aserg.victorveloso.queue.Queue,org.pitest.mutationtest.engine.gregor.mutators.rv.UOI1Mutator,sort,98,NO_COVERAGE,none
Queue.java,br.ufmg.aserg.victorveloso.queue.Queue,org.pitest.mutationtest.engine.gregor.mutators.rv.UOI1Mutator,sort,98,NO_COVERAGE,none
Queue.java,br.ufmg.aserg.victorveloso.queue.Queue,org.pitest.mutationtest.engine.gregor.mutators.rv.UOI1Mutator,sort,98,NO_COVERAGE,none
Queue.java,br.ufmg.aserg.victorveloso.queue.Queue,org.pitest.mutationtest.engine.gregor.mutators.rv.UOI2Mutator,sort,98,NO_COVERAGE,none
Queue.java,br.ufmg.aserg.victorveloso.queue.Queue,org.pitest.mutationtest.engine.gregor.mutators.rv.UOI2Mutator,sort,98,NO_COVERAGE,none
Queue.java,br.ufmg.aserg.victorveloso.queue.Queue,org.pitest.mutationtest.engine.gregor.mutators.rv.UOI2Mutator,sort,98,NO_COVERAGE,none
Queue.java,br.ufmg.aserg.victorveloso.queue.Queue,org.pitest.mutationtest.engine.gregor.mutators.rv.UOI3Mutator,sort,98,NO_COVERAGE,none
Queue.java,br.ufmg.aserg.victorveloso.queue.Queue,org.pitest.mutationtest.engine.gregor.mutators.rv.UOI3Mutator,sort,98,NO_COVERAGE,none
Queue.java,br.ufmg.aserg.victorveloso.queue.Queue,org.pitest.mutationtest.engine.gregor.mutators.rv.UOI3Mutator,sort,98,NO_COVERAGE,none
Queue.java,br.ufmg.aserg.victorveloso.queue.Queue,org.pitest.mutationtest.engine.gregor.mutators.rv.UOI4Mutator,sort,98,NO_COVERAGE,none
Queue.java,br.ufmg.aserg.victorveloso.queue.Queue,org.pitest.mutationtest.engine.gregor.mutators.rv.UOI4Mutator,sort,98,NO_COVERAGE,none
Queue.java,br.ufmg.aserg.victorveloso.queue.Queue,org.pitest.mutationtest.engine.gregor.mutators.rv.UOI4Mutator,sort,98,NO_COVERAGE,none
Queue.java,br.ufmg.aserg.victorveloso.queue.Queue,org.pitest.mutationtest.engine.gregor.mutators.ArgumentPropagationMutator,toString,153,NO_COVERAGE,none
Queue.java,br.ufmg.aserg.victorveloso.queue.Queue,org.pitest.mutationtest.engine.gregor.mutators.ConstructorCallMutator,toString,153,NO_COVERAGE,none
Queue.java,br.ufmg.aserg.victorveloso.queue.Queue,org.pitest.mutationtest.engine.gregor.mutators.EmptyObjectReturnValsMutator,toString,153,NO_COVERAGE,none
Queue.java,br.ufmg.aserg.victorveloso.queue.Queue,org.pitest.mutationtest.engine.gregor.mutators.InlineConstantMutator,toString,153,NO_COVERAGE,none
Queue.java,br.ufmg.aserg.victorveloso.queue.Queue,org.pitest.mutationtest.engine.gregor.mutators.NonVoidMethodCallMutator,toString,153,NO_COVERAGE,none
Queue.java,br.ufmg.aserg.victorveloso.queue.Queue,org.pitest.mutationtest.engine.gregor.mutators.NonVoidMethodCallMutator,toString,153,NO_COVERAGE,none
Queue.java,br.ufmg.aserg.victorveloso.queue.Queue,org.pitest.mutationtest.engine.gregor.mutators.NonVoidMethodCallMutator,toString,153,NO_COVERAGE,none
Queue.java,br.ufmg.aserg.victorveloso.queue.Queue,org.pitest.mutationtest.engine.gregor.mutators.NonVoidMethodCallMutator,toString,153,NO_COVERAGE,none
Queue.java,br.ufmg.aserg.victorveloso.queue.Queue,org.pitest.mutationtest.engine.gregor.mutators.NonVoidMethodCallMutator,toString,153,NO_COVERAGE,none
Queue.java,br.ufmg.aserg.victorveloso.queue.Queue,org.pitest.mutationtest.engine.gregor.mutators.NonVoidMethodCallMutator,toString,153,NO_COVERAGE,none
Queue.java,br.ufmg.aserg.victorveloso.queue.Queue,org.pitest.mutationtest.engine.gregor.mutators.ReturnValsMutator,toString,153,NO_COVERAGE,none
Queue.java,br.ufmg.aserg.victorveloso.queue.Queue,org.pitest.mutationtest.engine.gregor.mutators.experimental.NakedReceiverMutator,toString,153,NO_COVERAGE,none
Queue.java,br.ufmg.aserg.victorveloso.queue.Queue,org.pitest.mutationtest.engine.gregor.mutators.experimental.NakedReceiverMutator,toString,153,NO_COVERAGE,none
Queue.java,br.ufmg.aserg.victorveloso.queue.Queue,org.pitest.mutationtest.engine.gregor.mutators.experimental.NakedReceiverMutator,toString,153,NO_COVERAGE,none
Queue.java,br.ufmg.aserg.victorveloso.queue.Queue,org.pitest.mutationtest.engine.gregor.mutators.rv.ABSMutator,toString,153,NO_COVERAGE,none
Queue.java,br.ufmg.aserg.victorveloso.queue.Queue,org.pitest.mutationtest.engine.gregor.mutators.rv.ABSMutator,toString,153,NO_COVERAGE,none
Queue.java,br.ufmg.aserg.victorveloso.queue.Queue,org.pitest.mutationtest.engine.gregor.mutators.rv.CRCR1Mutator,toString,153,NO_COVERAGE,none
Queue.java,br.ufmg.aserg.victorveloso.queue.Queue,org.pitest.mutationtest.engine.gregor.mutators.rv.CRCR2Mutator,toString,153,NO_COVERAGE,none
Queue.java,br.ufmg.aserg.victorveloso.queue.Queue,org.pitest.mutationtest.engine.gregor.mutators.rv.CRCR3Mutator,toString,153,NO_COVERAGE,none
Queue.java,br.ufmg.aserg.victorveloso.queue.Queue,org.pitest.mutationtest.engine.gregor.mutators.rv.CRCR4Mutator,toString,153,NO_COVERAGE,none
Queue.java,br.ufmg.aserg.victorveloso.queue.Queue,org.pitest.mutationtest.engine.gregor.mutators.rv.CRCR5Mutator,toString,153,NO_COVERAGE,none
Queue.java,br.ufmg.aserg.victorveloso.queue.Queue,org.pitest.mutationtest.engine.gregor.mutators.rv.CRCR6Mutator,toString,153,NO_COVERAGE,none
Queue.java,br.ufmg.aserg.victorveloso.queue.Queue,org.pitest.mutationtest.engine.gregor.mutators.rv.UOI1Mutator,toString,153,NO_COVERAGE,none
Queue.java,br.ufmg.aserg.victorveloso.queue.Queue,org.pitest.mutationtest.engine.gregor.mutators.rv.UOI1Mutator,toString,153,NO_COVERAGE,none
Queue.java,br.ufmg.aserg.victorveloso.queue.Queue,org.pitest.mutationtest.engine.gregor.mutators.rv.UOI2Mutator,toString,153,NO_COVERAGE,none
Queue.java,br.ufmg.aserg.victorveloso.queue.Queue,org.pitest.mutationtest.engine.gregor.mutators.rv.UOI2Mutator,toString,153,NO_COVERAGE,none
Queue.java,br.ufmg.aserg.victorveloso.queue.Queue,org.pitest.mutationtest.engine.gregor.mutators.rv.UOI3Mutator,toString,153,NO_COVERAGE,none
Queue.java,br.ufmg.aserg.victorveloso.queue.Queue,org.pitest.mutationtest.engine.gregor.mutators.rv.UOI3Mutator,toString,153,NO_COVERAGE,none
Queue.java,br.ufmg.aserg.victorveloso.queue.Queue,org.pitest.mutationtest.engine.gregor.mutators.rv.UOI4Mutator,toString,153,NO_COVERAGE,none
Queue.java,br.ufmg.aserg.victorveloso.queue.Queue,org.pitest.mutationtest.engine.gregor.mutators.rv.UOI4Mutator,toString,153,NO_COVERAGE,none
